,Date,dly_rtn
0,2010-06-30,-0.002511511092507468
1,2010-07-01,-0.07847251363827101
2,2010-07-02,-0.12568306010928965
3,2010-07-06,-0.16093749999999996
4,2010-07-07,-0.019242706393544307
5,2010-07-08,0.1050632911392404
6,2010-07-09,-0.003436426116838587
7,2010-07-12,-0.02011494252873547
8,2010-07-13,0.06392961876832848
9,2010-07-14,0.093715545755237
10,2010-07-15,0.002520161290322509
11,2010-07-16,0.03770739064856721
12,2010-07-19,0.06153100775193798
13,2010-07-20,-0.07348242811501593
14,2010-07-21,-0.003940886699507429
15,2010-07-22,0.03857566765578646
16,2010-07-23,0.013809523809523716
17,2010-07-26,-0.015969938938468764
18,2010-07-27,-0.019093078758949833
19,2010-07-28,0.008272506082724895
20,2010-07-29,-0.017857142857142683
21,2010-07-30,-0.020147420147420103
22,2010-08-02,0.04914744232698087
23,2010-08-03,0.04923518164435925
24,2010-08-04,-0.03143507972665138
25,2010-08-05,-0.038099717779868425
26,2010-08-06,-0.04205378973105134
27,2010-08-09,0.0005104645227158588
28,2010-08-10,-0.029081632653061185
29,2010-08-11,-0.05937992643194967
30,2010-08-12,-0.016759776536312665
31,2010-08-13,0.040909090909090784
32,2010-08-16,0.025109170305676942
33,2010-08-17,0.01970181043663466
34,2010-08-18,-0.01984334203655347
35,2010-08-19,0.0010655301012252316
36,2010-08-20,0.016498137307078276
37,2010-08-23,0.05392670157068058
38,2010-08-24,-0.046199701937406856
39,2010-08-25,0.03645833333333326
40,2010-08-26,-0.007537688442211032
41,2010-08-27,-0.0025316455696202667
42,2010-08-30,0.00862944162436552
43,2010-08-31,-0.01962757926522396
44,2010-09-01,0.049794661190964984
45,2010-09-02,0.029828850855745603
46,2010-09-03,-0.0004748338081670411
47,2010-09-07,-0.02422802850356298
48,2010-09-08,0.017526777020447915
49,2010-09-09,-0.009090909090908927
50,2010-09-10,-0.02607436021245768
51,2010-09-13,0.027268220128904064
52,2010-09-14,0.01930501930501949
53,2010-09-15,0.04071969696969702
54,2010-09-16,-0.047315741583257465
55,2010-09-17,-0.03390639923591221
56,2010-09-20,0.04102817597627273
57,2010-09-21,-0.01377018043684708
58,2010-09-22,-0.04333172845450162
59,2010-09-23,-0.015601409159537116
60,2010-09-24,0.027607361963190247
61,2010-09-27,0.021393034825870627
62,2010-09-28,0.042377009254749076
63,2010-09-29,0.02710280373831786
64,2010-09-30,-0.0714285714285714
65,2010-10-01,0.009309162175404229
66,2010-10-04,0.018932038834951204
67,2010-10-05,0.006193425440686129
68,2010-10-06,-0.03125
69,2010-10-07,-0.0014662756598241566
70,2010-10-08,0.0
71,2010-10-11,-0.00930004894762615
72,2010-10-12,0.0
73,2010-10-13,0.014822134387351804
74,2010-10-14,0.010223953261927932
75,2010-10-15,-0.010120481927710867
76,2010-10-18,-0.015092502434274513
77,2010-10-19,-0.008897676717745884
78,2010-10-20,0.029925187032418865
79,2010-10-21,0.004842615012106588
80,2010-10-22,-0.0014457831325301873
81,2010-10-25,0.006274131274131456
82,2010-10-26,0.02446043165467615
83,2010-10-27,-0.016853932584269593
84,2010-10-28,0.009047619047619193
85,2010-10-29,0.030674846625766694
86,2010-11-01,-0.01968864468864473
87,2010-11-02,-0.007473143390938852
88,2010-11-03,0.024470588235294022
89,2010-11-04,0.1437758383096004
90,2010-11-05,-0.01847389558232926
91,2010-11-08,0.02209492635024546
92,2010-11-09,-0.014011208967173783
93,2010-11-10,0.1920422249289484
94,2010-11-11,-0.04495912806539515
95,2010-11-12,0.06419400855920121
96,2010-11-15,0.03217158176943702
97,2010-11-16,-0.03668831168831166
98,2010-11-17,-0.006066734074823166
99,2010-11-18,0.013563919972872318
100,2010-11-19,0.03680160588825676
101,2010-11-22,0.07776702161987736
102,2010-11-23,0.03502994011976046
103,2010-11-24,0.026034133641885893
104,2010-11-26,-0.0042289258528332985
105,2010-11-29,-0.028029445073612713
106,2010-11-30,0.029129041654529564
107,2010-12-01,-0.027738465893008657
108,2010-12-02,-0.05822416302765643
109,2010-12-03,-0.02658423493044826
110,2010-12-06,-0.037472213401079646
111,2010-12-07,0.041240514681623264
112,2010-12-08,0.025665399239543696
113,2010-12-09,-0.00988569663268457
114,2010-12-10,-0.016536661466458602
115,2010-12-13,-0.03077411167512689
116,2010-12-14,-0.06612111292962353
117,2010-12-15,0.03750438135296186
118,2010-12-16,0.04087837837837838
119,2010-12-17,0.01785134696527102
120,2010-12-20,0.010841836734693855
121,2010-12-21,0.01766561514195586
122,2010-12-22,0.011469311841289631
123,2010-12-23,-0.07784247624885088
124,2010-12-27,-0.1508806912595546
125,2010-12-28,0.03365949119373779
126,2010-12-29,0.04998106777735711
127,2010-12-30,-0.04435629282365672
128,2010-12-31,0.004905660377358512
129,2011-01-03,-0.00037551633496046843
130,2011-01-04,0.0018782870022540088
131,2011-01-05,0.005999250093738251
132,2011-01-06,0.0391352963101006
133,2011-01-07,0.012912482065997155
134,2011-01-10,0.00743626062322944
135,2011-01-11,-0.052372583479789014
136,2011-01-12,0.0
137,2011-01-13,-0.027448071216617298
138,2011-01-14,-0.017925247902364605
139,2011-01-18,-0.004271844660194146
140,2011-01-19,-0.06279251170046796
141,2011-01-20,-0.05867665418227219
142,2011-01-21,0.018567639257294433
143,2011-01-24,0.06293402777777768
144,2011-01-25,0.007758268681094416
145,2011-01-26,0.002836304700162051
146,2011-01-27,0.006868686868686913
147,2011-01-28,-0.0365168539325843
148,2011-01-31,0.0037484381507704168
149,2011-02-01,-0.007883817427385975
150,2011-02-02,0.0012547051442910462
151,2011-02-03,-0.012949039264828821
152,2011-02-04,-0.007194244604316502
153,2011-02-07,-0.01662404092071612
154,2011-02-08,0.06155179887299522
155,2011-02-09,-0.0522662311147406
156,2011-02-10,0.0004308487720809939
157,2011-02-11,0.0012919896640828377
158,2011-02-14,-0.00731182795698937
159,2011-02-15,-0.010398613518197486
160,2011-02-16,0.08274956217162877
161,2011-02-17,-0.04569348968863729
162,2011-02-18,-0.017796610169491633
163,2011-02-22,-0.05651423641069886
164,2011-02-23,-0.0018289894833105613
165,2011-02-24,0.03206596426935415
166,2011-02-25,0.04793608521970705
167,2011-02-28,0.011859381617958631
168,2011-03-01,0.0020929259104227604
169,2011-03-02,0.003341687552213868
170,2011-03-03,0.014154870940882525
171,2011-03-04,0.024220032840722494
172,2011-03-07,-0.0004008016032063244
173,2011-03-08,-0.01122694466720131
174,2011-03-09,0.0024330900243307862
175,2011-03-10,-0.028721682847896335
176,2011-03-11,0.002498958767180204
177,2011-03-14,-0.034067303697548845
178,2011-03-15,-0.012903225806451646
179,2011-03-16,-0.005664488017429137
180,2011-03-17,-0.0004382120946538892
181,2011-03-18,0.006576063130206089
182,2011-03-21,-0.010017421602787513
183,2011-03-22,-0.023757149142102918
184,2011-03-23,0.0009013068949976777
185,2011-03-24,0.005402971634398845
186,2011-03-25,0.018808777429467183
187,2011-03-28,0.0219780219780219
188,2011-03-29,0.02881720430107526
189,2011-03-30,-0.008779264214046845
190,2011-03-31,0.1703922395613664
191,2011-04-01,-0.03927927927927932
192,2011-04-04,-0.03113278319579904
193,2011-04-05,0.03368176538908241
194,2011-04-06,-0.00786516853932584
195,2011-04-07,0.028312570781426905
196,2011-04-08,-0.02753303964757714
197,2011-04-11,-0.046055115137787817
198,2011-04-12,-0.024535021764938714
199,2011-04-13,0.011359026369168301
200,2011-04-14,0.008423586040914532
201,2011-04-15,0.017501988862370643
202,2011-04-18,-0.021501172791243084
203,2011-04-19,0.005193767479025224
204,2011-04-20,0.02344992050874395
205,2011-04-21,0.03844660194174754
206,2011-04-25,-0.01308900523560197
207,2011-04-26,0.020462296324365248
208,2011-04-27,0.005569996286669099
209,2011-04-28,0.021418020679468297
210,2011-04-29,-0.002169197396963085
211,2011-05-02,-0.005434782608695676
212,2011-05-03,-0.021129326047358732
213,2011-05-04,-0.006698920729438007
214,2011-05-05,-0.009366804046459398
215,2011-05-06,0.02571860816944027
216,2011-05-09,0.02912979351032452
217,2011-05-10,0.015048369759942615
218,2011-05-11,-0.044475820684786393
219,2011-05-12,0.02216475803472484
220,2011-05-13,-0.004336826888326706
221,2011-05-16,-0.03448275862068961
222,2011-05-17,-0.024060150375939893
223,2011-05-18,0.01502311248073962
224,2011-05-19,0.0702087286527513
225,2011-05-20,-0.008156028368794366
226,2011-05-23,-0.041115480872363164
227,2011-05-24,-0.0037285607755407346
228,2011-05-25,0.08458083832335328
229,2011-05-26,0.017253278122843385
230,2011-05-27,0.002374491180461291
231,2011-05-31,0.01996615905245336
232,2011-06-01,-0.05374917053749173
233,2011-06-02,0.008415147265077305
234,2011-06-03,0.04763560500695396
235,2011-06-06,-0.04746100232326589
236,2011-06-07,-0.011498257839721249
237,2011-06-08,-0.0440606274233345
238,2011-06-09,0.018436578171091345
239,2011-06-10,0.008689355539464039
240,2011-06-13,0.020459440057430056
241,2011-06-14,0.0059795990151250145
242,2011-06-15,-0.04475524475524484
243,2011-06-16,-0.03001464128843334
244,2011-06-17,0.0
245,2011-06-20,-0.0184905660377358
246,2011-06-21,0.058439061899269396
247,2011-06-22,-0.011623683254631367
248,2011-06-23,0.01837559720690929
249,2011-06-24,-0.005052327679538116
250,2011-06-27,-0.0039898440333695495
251,2011-06-28,0.02367079388201021
252,2011-06-29,0.006403415154749181
253,2011-06-30,0.02969247083775195
254,2011-07-01,-0.003776175763817391
255,2011-07-05,0.004135079255685792
256,2011-07-06,-0.006177076183939589
257,2011-07-07,0.026588397790055174
258,2011-07-08,-0.03094517322569801
259,2011-07-11,-0.015966678236723264
260,2011-07-12,-0.006349206349206327
261,2011-07-13,0.016684416045438466
262,2011-07-14,-0.035963687150837975
263,2011-07-15,-0.0010865628395508864
264,2011-07-18,-0.01269035532994911
265,2011-07-19,0.024237972824091125
266,2011-07-20,0.02868411617067057
267,2011-07-21,0.0003485535029625897
268,2011-07-22,0.020557491289198593
269,2011-07-25,-0.027313076135199732
270,2011-07-26,-0.017199017199017175
271,2011-07-27,-0.01285714285714279
272,2011-07-28,0.01917510853835025
273,2011-07-29,0.0
274,2011-08-01,0.021299254526091493
275,2011-08-02,-0.04970455335418833
276,2011-08-03,-0.005120702267739641
277,2011-08-04,-0.09007352941176472
278,2011-08-05,-0.020606060606060628
279,2011-08-08,-0.024752475247524663
280,2011-08-09,0.06006768189509293
281,2011-08-10,-0.049481245011971264
282,2011-08-11,0.06213266162888331
283,2011-08-12,0.03992094861660078
284,2011-08-15,-0.003040668947168368
285,2011-08-16,-0.004956157072054879
286,2011-08-17,-0.010344827586207028
287,2011-08-18,-0.06078203639179236
288,2011-08-19,-0.08079142621599344
289,2011-08-22,-0.015695067264574036
290,2011-08-23,0.04601366742596813
291,2011-08-24,0.03963414634146334
292,2011-08-25,-0.031839128613322276
293,2011-08-26,0.02682821289485071
294,2011-08-29,0.041297935103244754
295,2011-08-30,-0.0032375556454877774
296,2011-08-31,0.004466098254161555
297,2011-09-01,-0.029911075181891622
298,2011-09-02,-0.03874999999999995
299,2011-09-06,-0.00563502384048542
300,2011-09-07,0.039232781168264896
301,2011-09-08,-0.009647651006711389
302,2011-09-09,-0.027107157983905172
303,2011-09-12,-0.003918154114061823
304,2011-09-13,0.0524475524475525
305,2011-09-14,0.010797342192691017
306,2011-09-15,0.019720624486442073
307,2011-09-16,0.03948428686543104
308,2011-09-19,-0.0011627906976744429
309,2011-09-20,0.0093131548311991
310,2011-09-21,-0.006151480199923065
311,2011-09-22,-0.008510638297872464
312,2011-09-23,0.029262582910651647
313,2011-09-26,-0.03260045489006824
314,2011-09-27,0.0262539184952979
315,2011-09-28,-0.06109201985490653
316,2011-09-29,-0.019113460756404965
317,2011-09-30,0.011194029850746245
318,2011-10-03,-0.027060270602705994
319,2011-10-04,-0.002949852507374673
320,2011-10-05,0.07227387996618773
321,2011-10-06,0.0626724477729601
322,2011-10-07,0.001112759643916883
323,2011-10-10,0.032975175991107886
324,2011-10-11,-0.00968436154949781
325,2011-10-12,0.006881564650488947
326,2011-10-13,0.005035971223021685
327,2011-10-14,0.003937007874015741
328,2011-10-17,-0.022459893048128343
329,2011-10-18,0.03355215171407733
330,2011-10-19,-0.0271700776287932
331,2011-10-20,-0.008342401160681967
332,2011-10-21,0.025237746891002333
333,2011-10-24,0.018551551908669195
334,2011-10-25,-0.010507880910682998
335,2011-10-26,-0.009557522123893825
336,2011-10-27,0.027877055039313925
337,2011-10-28,0.03859527121001394
338,2011-10-31,-0.016739203213926968
339,2011-11-01,-0.016683690840994303
340,2011-11-02,-0.0058864265927977
341,2011-11-03,0.1306165099268548
342,2011-11-04,-0.004621072088724532
343,2011-11-07,-0.032188177034973786
344,2011-11-08,0.018228333866325608
345,2011-11-09,-0.03015075376884424
346,2011-11-10,0.014572538860103679
347,2011-11-11,0.07373124800510711
348,2011-11-14,-0.012485136741973935
349,2011-11-15,0.021372667068031426
350,2011-11-16,0.02976716769820209
351,2011-11-17,-0.03606182026330851
352,2011-11-18,-0.03206650831353919
353,2011-11-21,-0.025766871165644134
354,2011-11-22,0.009760705289672433
355,2011-11-23,-0.019332709697536643
356,2011-11-25,0.006677265500794949
357,2011-11-28,0.028427037271004485
358,2011-11-29,-0.02487714987714995
359,2011-11-30,0.031181102362204838
360,2011-12-01,-0.004276114844227297
361,2011-12-02,0.021472392638036686
362,2011-12-05,0.03363363363363381
363,2011-12-06,0.013073794305636044
364,2011-12-07,-0.019501003728133015
365,2011-12-08,-0.09651945013161733
366,2011-12-09,0.004855940433797334
367,2011-12-12,-0.020296391752577247
368,2011-12-13,-0.03156856297270638
369,2011-12-14,-0.031239388794567002
370,2011-12-15,0.003154574132492094
371,2011-12-16,-0.021663172606568915
372,2011-12-19,-0.008928571428571397
373,2011-12-20,0.00540540540540535
374,2011-12-21,-0.011827956989247213
375,2011-12-22,0.007254261878853807
376,2011-12-23,0.004681310767014724
377,2011-12-27,0.024014336917562717
378,2011-12-28,-0.0021001050052502634
379,2011-12-29,0.007716590669940349
380,2011-12-30,-0.00591715976331364
381,2012-01-03,-0.01680672268907568
382,2012-01-04,-0.013176638176638056
383,2012-01-05,-0.021291952363767574
384,2012-01-06,-0.007743362831858391
385,2012-01-09,0.01263470828688229
386,2012-01-10,0.013577981651376136
387,2012-01-11,0.02208544532947143
388,2012-01-12,0.000708466170740385
389,2012-01-13,-0.1932743362831859
390,2012-01-17,0.1671785870996052
391,2012-01-18,0.007894736842105177
392,2012-01-19,-0.0018649757553150792
393,2012-01-20,-0.005979073243647215
394,2012-01-23,0.006390977443609058
395,2012-01-24,0.024280911468061328
396,2012-01-25,0.02005835156819824
397,2012-01-26,0.03468001430103684
398,2012-01-27,0.013476157567380742
399,2012-01-30,0.008182748039549992
400,2012-01-31,-0.01690902942171124
401,2012-02-01,0.01754385964912264
402,2012-02-02,0.022650439486139318
403,2012-02-03,0.02975206611570247
404,2012-02-06,0.020866773675762618
405,2012-02-07,-0.0062893081761006275
406,2012-02-08,0.0104430379746836
407,2012-02-09,0.020357031005324044
408,2012-02-10,-0.04542664211172487
409,2012-02-13,0.012540192926044913
410,2012-02-14,0.053350269926961014
411,2012-02-15,0.012963521254145238
412,2012-02-16,0.0172619047619047
413,2012-02-17,0.023112931538911585
414,2012-02-21,-0.01344009150700598
415,2012-02-22,-0.008115942028985579
416,2012-02-23,0.00905902980713047
417,2012-02-24,-0.022589052997393555
418,2012-02-27,-0.003851851851851884
419,2012-02-28,0.005651397977394446
420,2012-02-29,-0.011830819284235572
421,2012-03-01,0.02993115833582749
422,2012-03-02,-0.01075268817204289
423,2012-03-05,-0.007931844888366513
424,2012-03-06,-0.019543973941368198
425,2012-03-07,0.000302023557837483
426,2012-03-08,-0.0015096618357487435
427,2012-03-09,0.050498941638947636
428,2012-03-12,0.03655728267127212
429,2012-03-13,0.0022216051096919376
430,2012-03-14,-0.022166805209199336
431,2012-03-15,-0.00821762538962878
432,2012-03-16,0.00914285714285712
433,2012-03-19,-0.00962627406568528
434,2012-03-20,-0.0005717552887363198
435,2012-03-21,0.005434782608695565
436,2012-03-22,-0.02133712660028453
437,2012-03-23,-0.009302325581395321
438,2012-03-26,0.09741784037558676
439,2012-03-27,0.01443850267379676
440,2012-03-28,-0.0023721665788085655
441,2012-03-29,-0.013738441215323749
442,2012-03-30,-0.002410929547280949
443,2012-04-02,-0.01772287862513433
444,2012-04-03,0.03909240021869875
445,2012-04-04,-0.07918968692449346
446,2012-04-05,-0.014857142857142902
447,2012-04-09,-0.038573085846867694
448,2012-04-10,-0.020814479638008976
449,2012-04-11,0.019408502772643388
450,2012-04-12,0.010577213659715756
451,2012-04-13,0.0044856459330144816
452,2012-04-16,-0.03989282524560889
453,2012-04-17,-0.00031007751937983663
454,2012-04-18,0.013027295285359619
455,2012-04-19,0.015309246785058184
456,2012-04-20,0.0
457,2012-04-23,-0.03679131483715303
458,2012-04-24,-0.0037570444583594487
459,2012-04-25,0.03425518541797601
460,2012-04-26,0.017623822546338763
461,2012-04-27,-0.004478948939982019
462,2012-04-30,-0.006298740251949653
463,2012-05-01,0.01961968004829462
464,2012-05-02,0.00473653049141487
465,2012-05-03,-0.04360636417206831
466,2012-05-04,-0.019408502772643277
467,2012-05-07,0.020106817467797633
468,2012-05-08,-0.07021866338158289
469,2012-05-09,-0.004306061609804623
470,2012-05-10,0.09647371922821035
471,2012-05-11,-0.021541262135922334
472,2012-05-14,-0.06790697674418611
473,2012-05-15,-0.020958083832335328
474,2012-05-16,-0.00849473326537542
475,2012-05-17,-0.020904729266620903
476,2012-05-18,-0.035351767588379435
477,2012-05-21,0.04390420899854863
478,2012-05-22,0.07055961070559613
479,2012-05-23,0.0071428571428571175
480,2012-05-24,-0.023855577047066312
481,2012-05-25,-0.015521796565389767
482,2012-05-29,0.06306608520630674
483,2012-05-30,-0.04039129062795843
484,2012-05-31,-0.029924366984544593
485,2012-06-01,-0.045762711864406835
486,2012-06-04,-0.009591474245115417
487,2012-06-05,0.0010760401721665591
488,2012-06-06,0.04693658187029737
489,2012-06-07,-0.009924709103353857
490,2012-06-08,0.03975112340131348
491,2012-06-11,-0.031914893617021156
492,2012-06-12,0.018543956043955978
493,2012-06-13,0.0037086985839513975
494,2012-06-14,-0.012764528048370805
495,2012-06-15,0.01769309288873755
496,2012-06-18,0.06452691407556
497,2012-06-19,0.007851758793969932
498,2012-06-20,0.05266438142723584
499,2012-06-21,-0.047069271758437004
500,2012-06-22,0.04970487729108419
501,2012-06-25,-0.020124297129328172
502,2012-06-26,-0.04530353367562667
503,2012-06-27,0.011072445428661926
504,2012-06-28,-0.017209011264080143
505,2012-06-29,-0.00382043935052534
506,2012-07-02,-0.02844359220198145
507,2012-07-03,0.008552631578947478
508,2012-07-05,0.018590998043052753
509,2012-07-06,-0.007684918347742653
510,2012-07-09,0.016134236850597006
511,2012-07-10,-0.006986344871387717
512,2012-07-11,0.007675087943716186
513,2012-07-12,0.03776578863852742
514,2012-07-13,0.04740061162079501
515,2012-07-16,0.04992700729927013
516,2012-07-17,-0.07258064516129026
517,2012-07-18,-0.0359820089955023
518,2012-07-19,0.0037325038880249295
519,2012-07-20,-0.014874496436318663
520,2012-07-23,-0.03554576910978291
521,2012-07-24,-0.026744944553163785
522,2012-07-25,-0.029825737265415597
523,2012-07-26,-0.02832469775474955
524,2012-07-27,0.04905794525417706
525,2012-07-30,-0.0731955269400203
526,2012-07-31,0.00255941499085921
527,2012-08-01,-0.04266958424507661
528,2012-08-02,-0.005714285714285672
529,2012-08-03,0.04482758620689653
530,2012-08-06,0.036670333700036695
531,2012-08-07,0.07003891050583655
532,2012-08-08,-0.0383471074380165
533,2012-08-09,0.011000343760742437
534,2012-08-10,0.018021081264876004
535,2012-08-13,0.04108216432865741
536,2012-08-14,-0.05614372794353539
537,2012-08-15,-0.0006798096532971698
538,2012-08-16,0.03061224489795933
539,2012-08-17,-0.009570957095709542
540,2012-08-20,-0.016661112962345848
541,2012-08-21,-0.013554727211114947
542,2012-08-22,0.0288560632085193
543,2012-08-23,0.02604340567612695
544,2012-08-24,-0.04002603319232023
545,2012-08-27,-0.040000000000000036
546,2012-08-28,0.013064971751412413
547,2012-08-29,-0.009759498082955731
548,2012-08-30,0.0
549,2012-08-31,0.003871876099964755
550,2012-09-04,-0.0133239831697054
551,2012-09-05,-0.007107320540156281
552,2012-09-06,0.021832498210450968
553,2012-09-07,0.028021015761821477
554,2012-09-10,-0.06746166950596255
555,2012-09-11,0.01571063207891843
556,2012-09-12,0.01726618705035965
557,2012-09-13,0.042432814710042344
558,2012-09-14,0.03086838534599723
559,2012-09-17,0.07074695623560379
560,2012-09-18,-0.03687768899815613
561,2012-09-19,-0.009253350350989176
562,2012-09-20,-0.004830917874396157
563,2012-09-21,-0.028478964401294493
564,2012-09-24,0.02131912058627594
565,2012-09-25,-0.09784735812133072
566,2012-09-26,-0.004338394793926281
567,2012-09-27,0.034495279593318884
568,2012-09-28,0.027729027729027855
569,2012-10-01,-0.004098360655737765
570,2012-10-02,0.021947873799725626
571,2012-10-03,-0.016778523489932917
572,2012-10-04,0.0034129692832762792
573,2012-10-05,-0.01734693877551019
574,2012-10-08,0.012461059190031154
575,2012-10-09,-0.030085470085470023
576,2012-10-10,0.0010574550581599063
577,2012-10-11,-0.0028169014084505895
578,2012-10-12,-0.02401129943502822
579,2012-10-15,-0.01121562952243138
580,2012-10-16,0.026710574460300007
581,2012-10-17,0.02708481824661435
582,2012-10-18,-0.02706453851492019
583,2012-10-19,-0.010699001426533572
584,2012-10-22,0.003965392934390799
585,2012-10-23,0.019389587073608494
586,2012-10-24,-0.034166960197252516
587,2012-10-25,0.003646973012399579
588,2012-10-26,-0.005087209302325646
589,2012-10-31,0.027392257121986896
590,2012-11-01,0.039815143974404554
591,2012-11-02,-0.011282051282051175
592,2012-11-05,0.08921161825726132
593,2012-11-06,-0.011111111111111183
594,2012-11-07,0.012520064205457482
595,2012-11-08,-0.007292327203551108
596,2012-11-09,-0.031619290961354185
597,2012-11-12,0.024736147757255855
598,2012-11-13,0.017380109430318536
599,2012-11-14,-0.007276178424549196
600,2012-11-15,-0.017845761631612445
601,2012-11-16,0.0330953926022064
602,2012-11-19,0.03391959798994981
603,2012-11-20,0.002430133657351119
604,2012-11-21,-0.01606060606060611
605,2012-11-23,-0.010471204188481575
606,2012-11-26,0.004357298474945592
607,2012-11-27,-0.003718624109079749
608,2012-11-28,0.03359253499222392
609,2012-11-29,0.01384291303039431
610,2012-11-30,0.003858711783912172
611,2012-12-03,0.023654642223536193
612,2012-12-04,-0.020797227036395083
613,2012-12-05,-0.0056047197640117785
614,2012-12-06,0.005636309700385533
615,2012-12-07,0.007964601769911539
616,2012-12-10,0.01170617500731641
617,2012-12-11,0.020538038761932276
618,2012-12-12,-0.0005668934240363743
619,2012-12-13,-0.046795235394214374
620,2012-12-14,0.005950609937518614
621,2012-12-17,0.017450458444247197
622,2012-12-18,0.00552325581395352
623,2012-12-19,0.0005782017924254035
624,2012-12-20,-0.00520080901473563
625,2012-12-21,-0.012489108335753674
626,2012-12-24,0.008235294117647118
627,2012-12-26,-0.020128354725787556
628,2012-12-27,0.0029770765108660946
629,2012-12-28,-0.013950727218759229
630,2012-12-31,0.019566526189042754
631,2013-01-02,0.04399173309713622
632,2013-01-03,-0.01668552036199089
633,2013-01-04,-0.010641357492091053
634,2013-01-07,-0.0017441860465114978
635,2013-01-08,-0.01921956901572519
636,2013-01-09,-0.001187648456057011
637,2013-01-10,-0.0032699167657550543
638,2013-01-11,-0.018490903668356817
639,2013-01-14,0.010635065329687166
640,2013-01-15,0.019242333132892364
641,2013-01-16,0.005899705014749346
642,2013-01-17,0.008211143695014744
643,2013-01-18,0.004072134962187279
644,2013-01-22,0.019409038238701992
645,2013-01-23,0.023017902813299296
646,2013-01-24,0.02750000000000008
647,2013-01-25,-0.00027034333603692673
648,2013-01-28,0.02839372633856141
649,2013-01-29,-0.0021036024191427583
650,2013-01-30,-0.011330698287219998
651,2013-01-31,-0.00026652452025599516
652,2013-02-01,0.021061050386563585
653,2013-02-04,-0.014621409921670936
654,2013-02-05,0.010333863275039823
655,2013-02-06,0.02727511146079209
656,2013-02-07,0.007914220066377098
657,2013-02-08,-0.006079027355622935
658,2013-02-11,-0.020897043832823647
659,2013-02-12,-0.013794898490369634
660,2013-02-13,0.014779625230931792
661,2013-02-14,-0.004681404421326363
662,2013-02-15,-0.03214005748628179
663,2013-02-19,0.06047516198704117
664,2013-02-20,-0.018839103869653817
665,2013-02-21,-0.08770108977685531
666,2013-02-22,0.027019340159271987
667,2013-02-25,-0.04790916643589027
668,2013-02-26,0.0014543339150667745
669,2013-02-27,0.019459773453383677
670,2013-02-28,-0.007692307692307776
671,2013-03-01,-0.0051679586563307955
672,2013-03-04,0.026839826839826886
673,2013-03-05,0.03007307476110177
674,2013-03-06,0.028376534788540297
675,2013-03-07,0.014327407800477587
676,2013-03-08,0.0062777923097043775
677,2013-03-11,0.01637639719261763
678,2013-03-12,0.000511508951406503
679,2013-03-13,-0.0035787321063395217
680,2013-03-14,-0.054643406875320544
681,2013-03-15,-0.04233378561736778
682,2013-03-18,-0.0039671294984414684
683,2013-03-19,-0.0019914651493598834
684,2013-03-20,0.024800456100342316
685,2013-03-21,0.0016689847009734304
686,2013-03-22,0.016939738961399664
687,2013-03-25,0.024849808847624333
688,2013-03-26,0.008792965627497873
689,2013-03-27,0.007923930269413626
690,2013-03-28,-0.007075471698113067
691,2013-04-01,0.15940881499076265
692,2013-04-02,0.009333029820168592
693,2013-04-03,-0.07307171853856564
694,2013-04-04,0.022141119221411154
695,2013-04-05,-0.015234467983813338
696,2013-04-08,0.011119168479574615
697,2013-04-09,-0.03179536218025336
698,2013-04-10,0.03358024691358019
699,2013-04-11,0.04132823698041088
700,2013-04-12,0.003670566643725559
701,2013-04-15,-0.010285714285714342
702,2013-04-16,0.05288683602771371
703,2013-04-17,-0.0030708488703663495
704,2013-04-18,0.0334433443344333
705,2013-04-19,0.01830955929316591
706,2013-04-22,0.04934141752038479
707,2013-04-23,0.01633791591950584
708,2013-04-24,-0.01137031954518719
709,2013-04-25,0.031132262542137523
710,2013-04-26,-0.01538461538461533
711,2013-04-29,0.07304687499999996
712,2013-04-30,-0.017291590826355896
713,2013-05-01,-0.013150583441378094
714,2013-05-02,0.015578078078078095
715,2013-05-03,0.008131583810755849
716,2013-05-06,0.09074243813015581
717,2013-05-07,-0.06705882352941184
718,2013-05-08,0.0050441361916770955
719,2013-05-09,0.24395052876859658
720,2013-05-10,0.10605187319884735
721,2013-05-13,0.1438249088066701
722,2013-05-14,-0.05193621867881548
723,2013-05-15,0.01922152811148492
724,2013-05-16,0.08734087694483739
725,2013-05-17,-0.008130081300813052
726,2013-05-20,-0.01704918032786884
727,2013-05-21,-0.026128530131198535
728,2013-05-22,-0.003995889941774244
729,2013-05-23,0.06292984869326013
730,2013-05-24,0.04691038498867672
731,2013-05-28,0.1364853728883395
732,2013-05-29,-0.051663192241457434
733,2013-05-30,0.0030583962534647124
734,2013-05-31,-0.0685088137208194
735,2013-06-03,-0.05288461538461542
736,2013-06-04,0.024300680419051757
737,2013-06-05,0.00558835934204982
738,2013-06-06,0.02076124567474036
739,2013-06-07,0.048176682074987376
740,2013-06-10,-0.01950215601724825
741,2013-06-11,-0.0557721139430285
742,2013-06-12,0.034508309516248614
743,2013-06-13,0.004604522664483746
744,2013-06-14,0.021592992462823313
745,2013-06-17,0.018943170488534555
746,2013-06-18,0.011643835616438336
747,2013-06-19,0.012477028726182393
748,2013-06-20,-0.038498280473824975
749,2013-06-21,-0.010928961748634003
750,2013-06-24,0.019487694625816232
751,2013-06-25,0.008966400630604054
752,2013-06-26,0.03242187499999982
753,2013-06-27,0.033390087022323156
754,2013-06-28,-0.01729977116704806
755,2013-07-01,0.091467958271237
756,2013-07-02,0.005461682881037655
757,2013-07-03,-0.021897810218978075
758,2013-07-05,0.04208608122179802
759,2013-07-08,0.012657173786326803
760,2013-07-09,0.015130334676424662
761,2013-07-10,-0.009558525718914579
762,2013-07-11,0.027316594422180485
763,2013-07-12,0.034153331741103354
764,2013-07-15,-0.020323325635103973
765,2013-07-16,-0.14309288071664317
766,2013-07-17,0.10270518110958271
767,2013-07-18,-0.010145530145530102
768,2013-07-19,0.005460808199613698
769,2013-07-22,0.022977941176470562
770,2013-07-23,0.002532059135832654
771,2013-07-24,-0.00847319537233171
772,2013-07-25,0.019474116680361364
773,2013-07-26,0.04287901990811638
774,2013-07-29,0.04042043434577658
775,2013-07-30,-0.021393552221066647
776,2013-07-31,0.019280400789433605
777,2013-08-01,0.009457849270181784
778,2013-08-02,0.018074511250461
779,2013-08-05,0.04840579710144932
780,2013-08-06,-0.017486867569809217
781,2013-08-07,-0.05571579317622244
782,2013-08-08,0.1434105639573866
783,2013-08-09,-0.0031274433150898506
784,2013-08-12,-0.0367320261437909
785,2013-08-13,-0.01323110327045729
786,2013-08-14,-0.04173829333700052
787,2013-08-15,0.0022244546498275675
788,2013-08-16,0.01668217942292549
789,2013-08-19,0.02042253521126769
790,2013-08-20,0.032298136645962705
791,2013-08-21,-0.011498863484423083
792,2013-08-22,0.06249154605708096
793,2013-08-23,0.03017186505410563
794,2013-08-26,0.014705882352941124
795,2013-08-27,0.01698940445743502
796,2013-08-28,-0.003353092629183929
797,2013-08-29,-0.0023430459597475473
798,2013-08-30,0.017704444176803502
799,2013-09-03,-0.00035502958579880506
800,2013-09-04,0.009944358944003806
801,2013-09-05,-0.004044074551635246
802,2013-09-06,-0.01741893720943921
803,2013-09-09,-0.037551655986105326
804,2013-09-10,0.035283136278780436
805,2013-09-11,-0.01713049227625174
806,2013-09-12,0.008622798434442247
807,2013-09-13,0.0036985387740251507
808,2013-09-16,0.006282469493777976
809,2013-09-17,-0.0021010925681356207
810,2013-09-18,-6.015761294586586e-05
811,2013-09-19,0.07038864155937907
812,2013-09-20,0.030744154676259017
813,2013-09-23,-0.012432520857189489
814,2013-09-24,0.006736237645629695
815,2013-09-25,0.01596007239620456
816,2013-09-26,0.018354567048153525
817,2013-09-27,0.01198049194232409
818,2013-09-30,0.012938711367207922
819,2013-10-01,-0.0019134302115115798
820,2013-10-02,-0.06243523316062183
821,2013-10-03,-0.04222160817905496
822,2013-10-04,0.044255957532744805
823,2013-10-07,0.011548237374295445
824,2013-10-08,-0.045556344567651785
825,2013-10-09,-0.03405253820179699
826,2013-10-10,0.024588221353240902
827,2013-10-11,0.03336610189093836
828,2013-10-14,0.005707890318970454
829,2013-10-15,0.023480970398397583
830,2013-10-16,-0.0020658910514297357
831,2013-10-17,-0.004140335585094745
832,2013-10-18,0.003282275711159688
833,2013-10-21,-0.058887677208287914
834,2013-10-22,-0.006141367323290847
835,2013-10-23,-0.04103999067272934
836,2013-10-24,0.05258358662613993
837,2013-10-25,-0.02015593416113204
838,2013-10-28,-0.04008016032064121
839,2013-10-29,0.009885791477342476
840,2013-10-30,-0.0319207150240165
841,2013-10-31,0.004522044969224925
842,2013-11-01,0.013942728523196113
843,2013-11-04,0.08034778319047908
844,2013-11-05,0.009189497716895145
845,2013-11-06,-0.14507098014818165
846,2013-11-07,-0.07535062185763419
847,2013-11-08,-0.013021392287329348
848,2013-11-11,0.048930772018847435
849,2013-11-12,-0.04768486523842419
850,2013-11-13,0.006531204644411925
851,2013-11-14,-0.007930785868781487
852,2013-11-15,-0.015625
853,2013-11-18,-0.10239940937615355
854,2013-11-19,0.03709491692712619
855,2013-11-20,-0.03949559838210803
856,2013-11-21,0.008174386920980936
857,2013-11-22,-0.005896805896805857
858,2013-11-25,-0.004448838358872886
859,2013-11-26,-0.002813637868255614
860,2013-11-27,0.05344398340248957
861,2013-11-29,0.002678430754687211
862,2013-12-02,-0.024434318038969227
863,2013-12-03,0.16533784327937484
864,2013-12-04,-0.039737387698686955
865,2013-12-05,0.011011155091759539
866,2013-12-06,-0.02220956719817746
867,2013-12-09,0.030867792661618987
868,2013-12-10,0.004166666666666652
869,2013-12-11,-0.017863422181587985
870,2013-12-12,0.05599713569638376
871,2013-12-13,0.0012205872380823823
872,2013-12-16,0.0019641043007110337
873,2013-12-17,0.030552926862241536
874,2013-12-18,-0.02938475665748408
875,2013-12-19,-0.04906068387619944
876,2013-12-20,0.01790790221716887
877,2013-12-23,0.002164199944149736
878,2013-12-24,0.054754440961337414
879,2013-12-26,0.027012746846311275
880,2013-12-27,-0.028167202572347283
881,2013-12-30,0.00873478030704078
882,2013-12-31,-0.013185515612699983
883,2014-01-02,-0.0021937113607658487
884,2014-01-03,-0.003597601598933964
885,2014-01-06,-0.017116876170098938
886,2014-01-07,0.016054421768707527
887,2014-01-08,0.012854847348687581
888,2014-01-09,-0.024788471708090953
889,2014-01-10,-0.012268691113671792
890,2014-01-13,-0.04378259676091134
891,2014-01-14,0.15738481412372618
892,2014-01-15,0.01773423451354872
893,2014-01-16,0.04167428258088113
894,2014-01-17,-0.005615020178978858
895,2014-01-21,0.03923298629492389
896,2014-01-22,0.010640706361783936
897,2014-01-23,0.016465053763440762
898,2014-01-24,-0.03801652892561991
899,2014-01-27,-0.02852233676975935
900,2014-01-28,0.05164485320127343
901,2014-01-29,-0.017658930373360304
902,2014-01-30,0.04342863664897578
903,2014-01-31,-0.007821045723036546
904,2014-02-03,-0.02370321371478956
905,2014-02-04,0.009146857884930082
906,2014-02-05,-0.024114586247412362
907,2014-02-06,0.02270381836945301
908,2014-02-07,0.04568897858504317
909,2014-02-10,0.05377151128504809
910,2014-02-11,0.00030525030525030417
911,2014-02-12,-0.0066117383785984085
912,2014-02-13,0.02206635265205814
913,2014-02-14,-0.0070129740019035935
914,2014-02-18,0.027594208747414584
915,2014-02-19,-0.04938635247913603
916,2014-02-20,0.08433174963850454
917,2014-02-21,-0.0017621564985473848
918,2014-02-24,0.03840648854961848
919,2014-02-25,0.1394440615667356
920,2014-02-26,0.02016129032258074
921,2014-02-27,-0.0018181818181818299
922,2014-02-28,-0.030609012433673866
923,2014-03-03,0.023487602630611448
924,2014-03-04,0.01708173690932302
925,2014-03-05,-0.008554387066394664
926,2014-03-06,0.0011082086598590557
927,2014-03-07,-0.026607100498141856
928,2014-03-10,-0.029933796352707098
929,2014-03-11,-0.01854798191257745
930,2014-03-12,0.03020348961221786
931,2014-03-13,-0.015321545405606929
932,2014-03-14,-0.028680768745531715
933,2014-03-17,0.013031995497250648
934,2014-03-18,0.02589964954269597
935,2014-03-19,-0.017497083819363435
936,2014-03-20,-0.003943351424694708
937,2014-03-21,-0.025626835809459014
938,2014-03-24,-0.03809690244222119
939,2014-03-25,0.0012263251124131624
940,2014-03-26,-0.03393213572854292
941,2014-03-27,-0.026483846731780725
942,2014-03-28,0.02435847964499338
943,2014-03-31,-0.01845835099119464
944,2014-04-01,0.040873111057807776
945,2014-04-02,0.061390975710927664
946,2014-04-03,-0.021234096139649994
947,2014-04-04,-0.058429458740017814
948,2014-04-07,-0.022192903924986962
949,2014-04-08,0.03826137239784111
950,2014-04-09,0.006822612085769952
951,2014-04-10,-0.058728622136173025
952,2014-04-11,-0.002007933787159022
953,2014-04-14,-0.027922269113750064
954,2014-04-15,-0.02110151951133321
955,2014-04-16,0.02681656438553981
956,2014-04-17,-0.004972125960524432
957,2014-04-21,0.031597011911972395
958,2014-04-22,0.06977199334572859
959,2014-04-23,-0.048710208562019686
960,2014-04-24,-0.0006250300495216354
961,2014-04-25,-0.03853555277590692
962,2014-04-28,-0.006705028771578747
963,2014-04-29,0.04236562389804033
964,2014-04-30,0.00468780204910102
965,2014-05-01,-0.0007696377892154604
966,2014-05-02,0.015308332932171709
967,2014-05-05,0.02702574557868287
968,2014-05-06,-0.04307280365634092
969,2014-05-07,-0.02860864531069085
970,2014-05-08,-0.11303700024832375
971,2014-05-09,0.020549862814267295
972,2014-05-12,0.013222868429715762
973,2014-05-13,0.029728705258027954
974,2014-05-14,0.002419015565839233
975,2014-05-15,-0.010649459657958271
976,2014-05-16,0.015748449016384836
977,2014-05-19,0.023647943203173982
978,2014-05-20,-0.004028762303024069
979,2014-05-21,0.021249359959037317
980,2014-05-22,0.027224868388067147
981,2014-05-23,0.01181179226864515
982,2014-05-27,0.020549927641099863
983,2014-05-28,-0.006239364719228591
984,2014-05-29,0.0
985,2014-05-30,-0.01174847792998479
986,2014-06-02,-0.014775954180103135
987,2014-06-03,0.0011724474841232624
988,2014-06-04,-0.004635503074070457
989,2014-06-05,0.014265405166919987
990,2014-06-06,0.006138231029482855
991,2014-06-09,-0.013738771196618038
992,2014-06-10,-0.014660756904193661
993,2014-06-11,0.010726643598615748
994,2014-06-12,-0.004646158360639641
995,2014-06-13,0.014249213836477814
996,2014-06-16,0.0881213060749928
997,2014-06-17,0.03143226036240576
998,2014-06-18,-0.019640005179781483
999,2014-06-19,0.0029499823881646847
1000,2014-06-20,0.007902015013828478
1001,2014-06-23,0.033233154754126915
1002,2014-06-24,-0.019897141893600923
1003,2014-06-25,0.018881720430107496
1004,2014-06-26,-0.005445565452319556
1005,2014-06-27,0.014685908319185037
1006,2014-06-30,0.004183050280264444
1007,2014-07-01,-0.001416312588519597
1008,2014-07-02,-0.04292507925913558
1009,2014-07-03,-0.0007845530227085229
1010,2014-07-07,-0.02874591057797171
1011,2014-07-08,-0.016123237222671394
1012,2014-07-09,0.018213356461405095
1013,2014-07-10,-0.01613915538420152
1014,2014-07-11,-0.0060603299006652955
1015,2014-07-14,0.03928849768486686
1016,2014-07-15,-0.03140714600793992
1017,2014-07-16,-0.011021040167592755
1018,2014-07-17,-0.008104623319211579
1019,2014-07-18,0.021448467966573848
1020,2014-07-21,0.0023634215071355325
1021,2014-07-22,-0.004352951845470132
1022,2014-07-23,0.013252573094088671
1023,2014-07-24,0.004719313227560695
1024,2014-07-25,0.0001342041692762308
1025,2014-07-28,0.005591090038914004
1026,2014-07-29,0.0008451205408770424
1027,2014-07-30,0.017377005466423734
1028,2014-07-31,-0.02455006115673586
1029,2014-08-01,0.04464845499328263
1030,2014-08-04,0.022506108800960156
1031,2014-08-05,-0.00012577561630056078
1032,2014-08-06,0.043775420353054706
1033,2014-08-07,0.013899489816414201
1034,2014-08-08,-0.016878640199690875
1035,2014-08-11,0.04509732801354138
1036,2014-08-12,0.0024679932130187154
1037,2014-08-13,0.0013463609786121822
1038,2014-08-14,0.004110483654104602
1039,2014-08-15,0.0024102838778790048
1040,2014-08-18,-0.00790046181443449
1041,2014-08-19,-0.012233592367469459
1042,2014-08-20,-0.004089422028353273
1043,2014-08-21,-0.00535763169215131
1044,2014-08-22,0.00959345757647223
1045,2014-08-25,0.022470597398551506
1046,2014-08-26,-0.0030851266425442336
1047,2014-08-27,0.005769083823641719
1048,2014-08-28,0.0023171889838558
1049,2014-08-29,0.022132949291290727
1050,2014-09-02,0.053466814979606925
1051,2014-09-03,-0.01031254399549486
1052,2014-09-04,0.017248124044240587
1053,2014-09-05,-0.030240525800587448
1054,2014-09-08,0.017015753992573712
1055,2014-09-09,-0.012867321257665432
1056,2014-09-10,0.009408216029876515
1057,2014-09-11,-0.0028103877623621987
1058,2014-09-12,-0.00395990153758341
1059,2014-09-15,-0.09075931232091683
1060,2014-09-16,0.02710155203655562
1061,2014-09-17,0.0024545524277057584
1062,2014-09-18,0.009335067717499479
1063,2014-09-19,-0.01705708437571074
1064,2014-09-22,-0.035824463982723986
1065,2014-09-23,0.0015198176218853554
1066,2014-09-24,0.00690866978155813
1067,2014-09-25,-0.020583802649321803
1068,2014-09-26,-0.0014172909495848707
1069,2014-09-29,-0.005433901054339052
1070,2014-09-30,-0.010519448748267046
1071,2014-10-01,-0.01005439261579033
1072,2014-10-02,0.04653679653679643
1073,2014-10-03,0.015074377535597927
1074,2014-10-06,0.021198228909525385
1075,2014-10-07,-0.004028854270585525
1076,2014-10-08,-0.0011172323458027433
1077,2014-10-09,-0.008755013884603424
1078,2014-10-10,-0.07820707365472157
1079,2014-10-13,-0.05200287028829509
1080,2014-10-14,0.010997818246582636
1081,2014-10-15,0.011626882762265422
1082,2014-10-16,-0.01458424031345229
1083,2014-10-17,0.004992268610558792
1084,2014-10-20,0.013144012660453619
1085,2014-10-21,0.021130732850262568
1086,2014-10-22,-0.018016486785076946
1087,2014-10-23,0.018130679359584567
1088,2014-10-24,-0.00021250371881498253
1089,2014-10-27,-0.057685767726577186
1090,2014-10-28,0.09518653854829262
1091,2014-10-29,-0.01923631420686256
1092,2014-10-30,0.0023519529609408174
1093,2014-10-31,0.012737785971675075
1094,2014-11-03,0.0036822507240381608
1095,2014-11-04,-0.01508718413784571
1096,2014-11-05,-0.03331519691959994
1097,2014-11-06,0.044378057756418565
1098,2014-11-07,-0.004228505099079682
1099,2014-11-10,0.007202331390508077
1100,2014-11-11,0.03782085727276496
1101,2014-11-12,-0.007885932770431814
1102,2014-11-13,0.010437575270975552
1103,2014-11-14,0.02773142630115233
1104,2014-11-17,-0.018169166537807424
1105,2014-11-18,0.014646822584455377
1106,2014-11-19,-0.038649592549476086
1107,2014-11-20,0.0039153951723580604
1108,2014-11-21,-0.02384303003498056
1109,2014-11-24,0.01622868440563474
1110,2014-11-25,0.0055528534370947735
1111,2014-11-26,0.001410778346567776
1112,2014-11-28,-0.015778457575269633
1113,2014-12-01,-0.05267462784230337
1114,2014-12-02,-0.0009065791745811458
1115,2014-12-03,-0.009203646891068562
1116,2014-12-04,-0.004448320976886189
1117,2014-12-05,-0.020019274575083235
1118,2014-12-08,-0.04179518126145454
1119,2014-12-09,0.011802575107296098
1120,2014-12-10,-0.032504956429526444
1121,2014-12-11,-0.004574914220358384
1122,2014-12-12,-0.009000382995021039
1123,2014-12-15,-0.014299516908212628
1124,2014-12-16,-0.030533228778670818
1125,2014-12-17,0.040493402760224395
1126,2014-12-18,0.06044116218054607
1127,2014-12-19,0.00471914230733983
1128,2014-12-22,0.015094167540699477
1129,2014-12-23,-0.007322551662174326
1130,2014-12-24,0.005837896547042476
1131,2014-12-26,0.025015747322955084
1132,2014-12-29,-0.00926169783162134
1133,2014-12-30,-0.015418014266093794
1134,2014-12-31,0.0008099716509921695
1135,2015-01-02,-0.013938222202239059
1136,2015-01-05,-0.04204094660526192
1137,2015-01-06,0.00566423913560854
1138,2015-01-07,-0.0015619083680424861
1139,2015-01-08,-0.0015643517421188857
1140,2015-01-09,-0.018801633273193508
1141,2015-01-12,-0.021532952675892725
1142,2015-01-13,0.010088521833737207
1143,2015-01-14,-0.056597307221542215
1144,2015-01-15,-0.00425553998650674
1145,2015-01-16,0.006254234638036094
1146,2015-01-20,-0.005904594188636203
1147,2015-01-21,0.02417548064398467
1148,2015-01-22,0.025690593681640284
1149,2015-01-23,-0.0016367423866679998
1150,2015-01-26,0.026131452133737465
1151,2015-01-27,-0.0027596223674656306
1152,2015-01-28,-0.03209049422274002
1153,2015-01-29,0.029242112654862762
1154,2015-01-30,-0.007797270955165692
1155,2015-02-02,0.0360510805500982
1156,2015-02-03,0.035175879396984966
1157,2015-02-04,0.0008701227331013861
1158,2015-02-05,0.01116449325097224
1159,2015-02-06,-0.016426082628173244
1160,2015-02-09,0.0005520794994477995
1161,2015-02-10,-0.005471767518852255
1162,2015-02-11,-0.01613574367746995
1163,2015-02-12,-0.046616541353383556
1164,2015-02-13,0.004386829652996971
1165,2015-02-17,0.0028463463709083037
1166,2015-02-18,0.0005382921458283452
1167,2015-02-19,0.035459258534676685
1168,2015-02-20,0.025506589202210606
1169,2015-02-23,-0.045000230298005706
1170,2015-02-24,-0.01557827722581262
1171,2015-02-25,-0.0017147616481310024
1172,2015-02-26,0.016833529642716893
1173,2015-02-27,-0.018581977894685964
1174,2015-03-02,-0.02955640798662329
1175,2015-03-03,0.011300866568692003
1176,2015-03-04,0.014431749849669329
1177,2015-03-05,-0.008940920766646876
1178,2015-03-06,-0.033644021332801644
1179,2015-03-09,-0.015473488755931464
1180,2015-03-10,-0.002933780385582563
1181,2015-03-11,0.017969735182850055
1182,2015-03-12,-0.013781356457107541
1183,2015-03-13,-0.012508504736483905
1184,2015-03-16,0.03720585117659514
1185,2015-03-17,-0.004956566172713339
1186,2015-03-18,0.030709187079546174
1187,2015-03-19,-0.025210502715360517
1188,2015-03-20,0.01242013800153341
1189,2015-03-23,0.00782512116316636
1190,2015-03-24,0.010469368331413209
1191,2015-03-25,-0.03678366051953197
1192,2015-03-26,-0.020020586721564704
1193,2015-03-27,-0.028412373299721683
1194,2015-03-30,0.030108108108108045
1195,2015-03-31,-0.009445348166028156
1196,2015-04-01,-0.006250993272236105
1197,2015-04-02,0.018177941254864383
1198,2015-04-06,0.06335078534031413
1199,2015-04-07,0.0007385524372229835
1200,2015-04-08,0.021746617466174678
1201,2015-04-09,0.011653103481485072
1202,2015-04-10,0.0038554905040697474
1203,2015-04-13,-0.005310573731626356
1204,2015-04-14,-0.011059204881304185
1205,2015-04-15,0.0017834763327870817
1206,2015-04-16,-0.005437136120868158
1207,2015-04-17,0.0004354136429607358
1208,2015-04-20,-0.0073504521495235675
1209,2015-04-21,0.02016855848394794
1210,2015-04-22,0.047896471037677246
1211,2015-04-23,-0.003827925628873463
1212,2015-04-24,-0.0007776761207685112
1213,2015-04-27,0.0600650093851578
1214,2015-04-28,-0.004621032174476403
1215,2015-04-29,0.008547379382158882
1216,2015-04-30,-0.027532802753280183
1217,2015-05-01,-8.847600088479624e-05
1218,2015-05-04,0.01982037782595225
1219,2015-05-05,0.010585224068370147
1220,2015-05-06,-0.010817772054088737
1221,2015-05-07,0.027643969969188165
1222,2015-05-08,-0.0008023648648648463
1223,2015-05-11,0.012171928489919992
1224,2015-05-12,0.021921583364649777
1225,2015-05-13,-0.0063741113017896645
1226,2015-05-14,0.0037832058557447645
1227,2015-05-15,0.019418271200327686
1228,2015-05-18,-0.00036167818678667363
1229,2015-05-19,-0.006472361809045313
1230,2015-05-20,-0.011289147851420211
1231,2015-05-21,0.005197462656026275
1232,2015-05-22,0.008590505659148207
1233,2015-05-26,-0.0010898962580228044
1234,2015-05-27,-0.00012123171421640766
1235,2015-05-28,0.016247019359010517
1236,2015-05-29,-0.0025850069596340397
1237,2015-06-01,-0.005382775119617267
1238,2015-06-02,-0.004409701342954486
1239,2015-06-03,0.002577008254479596
1240,2015-06-04,-0.01232981244226683
1241,2015-06-05,0.01309368900455432
1242,2015-06-08,0.02869872360921577
1243,2015-06-09,-0.0011315306878927345
1244,2015-06-10,-0.020703125000000044
1245,2015-06-11,0.002832070203430348
1246,2015-06-12,-0.0028638478978560977
1247,2015-06-15,-0.0012365870198253193
1248,2015-06-16,0.010943366083552952
1249,2015-06-17,0.0288005689001265
1250,2015-06-18,0.005683345493644465
1251,2015-06-19,0.002367406162892882
1252,2015-06-22,-0.010361510037712685
1253,2015-06-23,0.030332191385349594
1254,2015-06-24,-0.009339858781335253
1255,2015-06-25,0.013651619715654206
1256,2015-06-26,-0.0063246400535735825
1257,2015-06-29,-0.018982365494777054
1258,2015-06-30,0.02381497595603399
1259,2015-07-01,0.0033176768806382206
1260,2015-07-02,0.04038640163477614
1261,2015-07-06,-0.0010713520462822812
1262,2015-07-07,-0.04232804232804244
1263,2015-07-08,-0.0482305509929819
1264,2015-07-09,0.011609664261060582
1265,2015-07-10,0.004768920595533244
1266,2015-07-13,0.0116148948485435
1267,2015-07-14,0.013312480927677672
1268,2015-07-15,-0.009448522492000677
1269,2015-07-16,0.013452914798206317
1270,2015-07-17,0.029923503824808906
1271,2015-07-20,0.02767057452850774
1272,2015-07-21,-0.05487848083327429
1273,2015-07-22,0.004123402181654745
1274,2015-07-23,-0.0025012132750962257
1275,2015-07-24,-0.006699101796407092
1276,2015-07-27,-0.04672016879544871
1277,2015-07-28,0.046677996917117826
1278,2015-07-29,-0.003776149837625531
1279,2015-07-30,0.011257675687969204
1280,2015-07-31,-0.002398890513137797
1281,2015-08-03,-0.023144843133571125
1282,2015-08-04,0.024193238201469125
1283,2015-08-05,0.01445846477392232
1284,2015-08-06,-0.0888461111316774
1285,2015-08-07,-0.014707674805996884
1286,2015-08-10,-0.005649251577254599
1287,2015-08-11,-0.015634071493737967
1288,2015-08-12,0.0033702658297172228
1289,2015-08-13,0.018222278204643727
1290,2015-08-14,0.0026390664302504696
1291,2015-08-17,0.04869422167386395
1292,2015-08-18,0.022471469469391048
1293,2015-08-19,-0.02098036207425602
1294,2015-08-20,-0.05120470127326149
1295,2015-08-21,-0.047113717069947936
1296,2015-08-24,-0.051566494778350735
1297,2015-08-25,0.0052999497418557695
1298,2015-08-26,0.02186065536517745
1299,2015-08-27,0.08072407045009777
1300,2015-08-28,0.0225935223671756
1301,2015-08-31,0.0023341918866710554
1302,2015-09-01,-0.04187745924676789
1303,2015-09-02,0.03796672673176049
1304,2015-09-03,-0.00855908595421695
1305,2015-09-04,-0.014822657490735747
1306,2015-09-08,0.025792584631918247
1307,2015-09-09,0.0029818269734456226
1308,2015-09-10,-0.0017275320396931138
1309,2015-09-11,0.007083065035415448
1310,2015-09-14,0.011788682864450006
1311,2015-09-15,0.0015008491646588684
1312,2015-09-16,0.03423117876720427
1313,2015-09-17,-0.0006863679694947278
1314,2015-09-18,-0.005532872896554353
1315,2015-09-21,0.013736474560662959
1316,2015-09-22,-0.012339137017411073
1317,2015-09-23,0.00045987583352502526
1318,2015-09-24,0.00789090630506406
1319,2015-09-25,-0.023601398601398538
1320,2015-09-28,-0.033007668054960915
1321,2015-09-29,-0.0071649961759852054
1322,2015-09-30,0.007095073991485901
1323,2015-10-01,-0.034299516908212646
1324,2015-10-02,0.032057695514423834
1325,2015-10-05,-0.005735751504624909
1326,2015-10-06,-0.019053422709729873
1327,2015-10-07,-0.03934399072310113
1328,2015-10-08,-0.022590101741679636
1329,2015-10-09,-0.026596683133380372
1330,2015-10-12,-0.023154651320857256
1331,2015-10-13,0.017023842657018173
1332,2015-10-14,-0.010809578107183637
1333,2015-10-15,0.020426042050903703
1334,2015-10-16,0.02575572726040387
1335,2015-10-19,0.004801550592484993
1336,2015-10-20,-0.06606751424813673
1337,2015-10-21,-0.013800873116462498
1338,2015-10-22,0.00775857965633775
1339,2015-10-23,-0.012422066880785954
1340,2015-10-26,0.029508823951408525
1341,2015-10-27,-0.022809625569079284
1342,2015-10-28,0.012407891609222732
1343,2015-10-29,-0.006245304282494368
1344,2015-10-30,-0.022208571563577917
1345,2015-11-02,0.0331513072053351
1346,2015-11-03,-0.025445530660928917
1347,2015-11-04,0.11173506119510446
1348,2015-11-05,0.000604412209126659
1349,2015-11-06,0.0025456271303447853
1350,2015-11-09,-0.030254777070063743
1351,2015-11-10,-0.03918697022145301
1352,2015-11-11,0.011916859122401924
1353,2015-11-12,-0.028026291765565148
1354,2015-11-13,-0.027002911618296266
1355,2015-11-16,0.034364592885756995
1356,2015-11-17,-0.001446502729690602
1357,2015-11-18,0.0330373831775701
1358,2015-11-19,0.0033021214999775506
1359,2015-11-20,-0.008070333633904525
1360,2015-11-23,-0.010272260351802176
1361,2015-11-24,0.0022962112514350874
1362,2015-11-25,0.05218785796105374
1363,2015-11-27,0.008578644835394611
1364,2015-11-30,-0.005828763870299292
1365,2015-12-01,0.030096412750803436
1366,2015-12-02,-0.021923352586533995
1367,2015-12-03,0.003103582050950404
1368,2015-12-04,-0.010012461862403899
1369,2015-12-07,0.003255490928032012
1370,2015-12-08,-0.019080171332150675
1371,2015-12-09,-0.009703599153140341
1372,2015-12-10,0.011357562800641263
1373,2015-12-11,-0.04425947945567443
1374,2015-12-14,0.007188277578103364
1375,2015-12-15,0.011483209808765604
1376,2015-12-16,0.060699262743679094
1377,2015-12-17,-0.004775915739200887
1378,2015-12-18,-0.012554094005741367
1379,2015-12-21,0.00911221036188481
1380,2015-12-22,-0.011222910216718285
1381,2015-12-23,-0.0010871928680148413
1382,2015-12-24,0.003787548976926347
1383,2015-12-28,-0.007026065836839179
1384,2015-12-29,0.035990390915046966
1385,2015-12-30,0.003794426409207796
1386,2015-12-31,0.008064177411903017
1387,2016-01-04,-0.06916378484229824
1388,2016-01-05,8.952150754226729e-05
1389,2016-01-06,-0.019648211967954188
1390,2016-01-07,-0.015476625273922462
1391,2016-01-08,-0.02156271736610249
1392,2016-01-11,-0.01492890995260665
1393,2016-01-12,0.010199663218667387
1394,2016-01-13,-0.04600657236748107
1395,2016-01-14,0.029304577904248452
1396,2016-01-15,-0.005771655834707512
1397,2016-01-19,-0.0013171374213376552
1398,2016-01-20,-0.029406017975771803
1399,2016-01-21,0.006391545042778057
1400,2016-01-22,0.012901935290293709
1401,2016-01-25,-0.03046161441619366
1402,2016-01-26,-0.014359914451573474
1403,2016-01-27,-0.028363298202107923
1404,2016-01-28,0.0086669856968149
1405,2016-01-29,0.007907221929362107
1406,2016-02-01,0.03002092050209204
1407,2016-02-02,-0.07190007108764085
1408,2016-02-03,-0.05088084035452467
1409,2016-02-04,0.0106640534931981
1410,2016-02-05,-0.07260594307876589
1411,2016-02-08,-0.08985239852398519
1412,2016-02-09,0.0017568754645582718
1413,2016-02-10,-0.03089376053962911
1414,2016-02-11,0.04733068838310017
1415,2016-02-12,0.003788130524357003
1416,2016-02-16,0.02734375
1417,2016-02-17,0.08706579880131482
1418,2016-02-18,-0.011323215556082511
1419,2016-02-19,-0.0011392936379445162
1420,2016-02-22,0.0669948373154039
1421,2016-02-23,-0.0029818836502757406
1422,2016-02-24,0.010101010101010166
1423,2016-02-25,0.047094972067039054
1424,2016-02-26,0.015525796297284344
1425,2016-02-29,0.00835347273300413
1426,2016-03-01,-0.029073099567550775
1427,2016-03-02,0.010678830158304287
1428,2016-03-03,0.03929064457895293
1429,2016-03-04,0.027076734443649553
1430,2016-03-07,0.021140071627536727
1431,2016-03-08,-0.013103414681669867
1432,2016-03-09,0.030207305034550824
1433,2016-03-10,-0.016960521272518125
1434,2016-03-11,0.011307144945901015
1435,2016-03-14,0.03686746987951817
1436,2016-03-15,0.014826864977922405
1437,2016-03-16,0.01644224603828892
1438,2016-03-17,0.020051367548326038
1439,2016-03-18,0.02809435462496701
1440,2016-03-21,0.023975251353441474
1441,2016-03-22,-0.017119838872104665
1442,2016-03-23,-0.04977800546448086
1443,2016-03-24,0.023227603558271026
1444,2016-03-28,0.011020856201975793
1445,2016-03-29,-0.0005645791713714265
1446,2016-03-30,-0.014078998826750122
1447,2016-03-31,0.012693375644585503
1448,2016-04-01,0.03403403403403393
1449,2016-04-04,0.03956395471189866
1450,2016-04-05,0.03433337382080248
1451,2016-04-06,0.0389478216620347
1452,2016-04-07,-0.03096978373897985
1453,2016-04-08,-0.02772161741835144
1454,2016-04-11,-0.0005998320470268492
1455,2016-04-12,-0.00840268886043527
1456,2016-04-13,0.027076103623597803
1457,2016-04-14,-0.010489922602443635
1458,2016-04-15,0.010521718414992387
1459,2016-04-18,-0.0024753447801657558
1460,2016-04-19,-0.025642035607373548
1461,2016-04-20,0.010510571209120023
1462,2016-04-21,-0.006720806496779641
1463,2016-04-22,0.021990414434733596
1464,2016-04-25,-0.0076059113300492864
1465,2016-04-26,0.007624493685966183
1466,2016-04-27,-0.008946165366122805
1467,2016-04-28,-0.014952081759255553
1468,2016-04-29,-0.02805700213959883
1469,2016-05-02,0.004319654427645814
1470,2016-05-03,-0.03920595533498772
1471,2016-05-04,-0.04201101928374651
1472,2016-05-05,-0.04955966930265998
1473,2016-05-06,0.01607337020753552
1474,2016-05-09,-0.02796259247196775
1475,2016-05-10,-0.0011008998659773894
1476,2016-05-11,0.0012937850400116524
1477,2016-05-12,-0.008039816232771835
1478,2016-05-13,0.001592049401775375
1479,2016-05-16,0.003275372091902984
1480,2016-05-17,-0.017427624945988707
1481,2016-05-18,0.03180885370858988
1482,2016-05-19,0.0191315054221719
1483,2016-05-20,0.023558384833418433
1484,2016-05-23,-0.018431087706555327
1485,2016-05-24,0.007816113218018783
1486,2016-05-25,0.0076637143774953564
1487,2016-05-26,0.025229984515893866
1488,2016-05-27,-0.009239516702203354
1489,2016-05-31,0.0008518651362983132
1490,2016-06-01,-0.016440442592841387
1491,2016-06-02,-0.0027327382036800296
1492,2016-06-03,0.00013701132626975365
1493,2016-06-06,0.007717247362893254
1494,2016-06-07,0.05283668660503893
1495,2016-06-08,0.013686838254282518
1496,2016-06-09,-0.026154891304347783
1497,2016-06-10,-0.04608475758632724
1498,2016-06-13,-0.004204945381415914
1499,2016-06-14,-0.013356588791481161
1500,2016-06-15,0.0127465574990695
1501,2016-06-16,0.0010564997703261803
1502,2016-06-17,-0.011288028265956984
1503,2016-06-20,0.019631503225506997
1504,2016-06-21,-0.00040964952207545036
1505,2016-06-22,-0.10450343791266348
1506,2016-06-23,-0.001322078714532604
1507,2016-06-24,-0.01654786150712828
1508,2016-06-27,0.027957545948744444
1509,2016-06-28,0.01631830773105003
1510,2016-06-29,0.041627434461569024
1511,2016-06-30,0.009943384556829526
1512,2016-07-01,0.019879404560015024
1513,2016-07-05,-0.011639722863741375
1514,2016-07-06,0.002149733619964511
1515,2016-07-07,0.006994963626189232
1516,2016-07-08,0.0038899694359544323
1517,2016-07-11,0.036903773410831286
1518,2016-07-12,-0.0005783432689741019
1519,2016-07-13,-0.009436901847318047
1520,2016-07-14,-0.004493776120073734
1521,2016-07-15,-0.0051008892700762365
1522,2016-07-18,0.026542649727767653
1523,2016-07-19,-0.004375690607734795
1524,2016-07-20,0.013761875166474313
1525,2016-07-21,-0.03441933788754603
1526,2016-07-22,0.008027210884353764
1527,2016-07-25,0.034822513159670665
1528,2016-07-26,-0.002173818529629168
1529,2016-07-27,-0.0044442507951723
1530,2016-07-28,0.009278305396297482
1531,2016-07-29,0.018125840163045748
1532,2016-08-01,-0.020358618339793022
1533,2016-08-02,-0.012216860136515795
1534,2016-08-03,-0.006205985915492929
1535,2016-08-04,0.021347269586784234
1536,2016-08-05,-0.0025150687307575748
1537,2016-08-08,-0.016823892535756224
1538,2016-08-09,0.012911213300318414
1539,2016-08-10,-0.014972935219137451
1540,2016-08-11,-0.003279415023266119
1541,2016-08-12,0.003112356053532661
1542,2016-08-15,-8.864855281243145e-05
1543,2016-08-16,-0.008776984795425324
1544,2016-08-17,-0.001654666607039057
1545,2016-08-18,0.0012094606701307242
1546,2016-08-19,0.006666368395150224
1547,2016-08-22,-0.009199999999999986
1548,2016-08-23,0.008567711837796699
1549,2016-08-24,-0.009873687955879729
1550,2016-08-25,-0.007456652591860569
1551,2016-08-26,-0.0043899348298334084
1552,2016-08-29,-0.021773716987135816
1553,2016-08-30,-0.017936802973977595
1554,2016-08-31,0.0031702469953629464
1555,2016-09-01,-0.053016367152492694
1556,2016-09-02,-0.01489266324650107
1557,2016-09-06,0.025533420972798204
1558,2016-09-07,-0.0055218656017355094
1559,2016-09-08,-0.02156561400029744
1560,2016-09-09,-0.014643291447101858
1561,2016-09-12,0.019694554429989353
1562,2016-09-13,-0.0113464447806354
1563,2016-09-14,0.001836266258607333
1564,2016-09-15,0.02041647573952443
1565,2016-09-16,0.024847819578884378
1566,2016-09-19,0.004576436222005764
1567,2016-09-20,-0.008238829116991475
1568,2016-09-21,0.0028342455043002257
1569,2016-09-22,0.005896111490108158
1570,2016-09-23,0.004941142275831867
1571,2016-09-26,0.007423475536273871
1572,2016-09-27,-0.015216039044930407
1573,2016-09-28,0.002235071182158377
1574,2016-09-29,-0.027003442090464014
1575,2016-09-30,0.016591928251121102
1576,2016-10-03,0.04739499093270583
1577,2016-10-04,-0.010715956948993854
1578,2016-10-05,-0.013953928385601388
1579,2016-10-06,-0.035786241964885335
1580,2016-10-07,-0.02184079601990041
1581,2016-10-10,0.022074156960480096
1582,2016-10-11,-0.004229907937297828
1583,2016-10-12,0.00704647676161918
1584,2016-10-13,-0.006302416753510953
1585,2016-10-14,-0.01862764682381146
1586,2016-10-17,-0.012976438858073314
1587,2016-10-18,0.026500309342132322
1588,2016-10-19,0.02240080361627328
1589,2016-10-20,-0.021910001965022685
1590,2016-10-21,0.004972375690607711
1591,2016-10-24,0.01334399520215901
1592,2016-10-25,-0.0020714144801735612
1593,2016-10-26,-0.0004942176534545872
1594,2016-10-27,0.008751977848101111
1595,2016-10-28,-0.01980295083574335
1596,2016-10-31,-0.011201680252037827
1597,2016-11-01,-0.03509836645931319
1598,2016-11-02,-0.01451858063839817
1599,2016-11-03,-0.003191149877672661
1600,2016-11-04,0.016753814961050217
1601,2016-11-07,0.013906381192275497
1602,2016-11-08,0.00895398788882562
1603,2016-11-09,-0.025033343592900326
1604,2016-11-10,-0.02478164790066295
1605,2016-11-11,0.017318586458052287
1606,2016-11-14,-0.037706830717013196
1607,2016-11-15,0.01278589143014619
1608,2016-11-16,0.0008706535343092625
1609,2016-11-17,0.0257163051160767
1610,2016-11-18,-0.019293967984734373
1611,2016-11-21,-0.0027024105502108098
1612,2016-11-22,0.036039453717753966
1613,2016-11-23,0.01030496416801796
1614,2016-11-25,0.01817334575955276
1615,2016-11-28,-0.002695143656242016
1616,2016-11-29,-0.03339791964103611
1617,2016-11-30,-0.0008967663659861236
1618,2016-12-01,-0.0397043294614573
1619,2016-12-02,-0.0022542335605894026
1620,2016-12-05,0.029371245935967405
1621,2016-12-06,-0.0050856531049251474
1622,2016-12-07,0.03927898843153077
1623,2016-12-08,-0.004452498058503784
1624,2016-12-09,-0.000572052628841746
1625,2016-12-12,0.0013008637735456574
1626,2016-12-13,0.029725094839681887
1627,2016-12-14,0.002725208175624383
1628,2016-12-15,-0.005586592178770888
1629,2016-12-16,0.02485069339001922
1630,2016-12-19,0.001185243715738915
1631,2016-12-20,0.029891974547427536
1632,2016-12-21,-0.005220556540064147
1633,2016-12-22,0.0036109773712085236
1634,2016-12-23,0.023458863036699418
1635,2016-12-27,0.02901471829005353
1636,2016-12-28,0.0009565890766638496
1637,2016-12-29,-0.02302721398015839
1638,2016-12-30,-0.004611514812744577
1639,2017-01-03,0.015442931349150646
1640,2017-01-04,0.046085073044840774
1641,2017-01-05,-0.0010573153002335633
1642,2017-01-06,0.009966923925027515
1643,2017-01-09,0.009912230906947261
1644,2017-01-10,-0.00609650639916981
1645,2017-01-11,-0.000609039892113028
1646,2017-01-12,-0.0006094110477516956
1647,2017-01-13,0.035541617666274616
1648,2017-01-17,-0.009127234490010516
1649,2017-01-18,0.01180066219543252
1650,2017-01-19,0.02265480785366658
1651,2017-01-20,0.003979323925172196
1652,2017-01-23,0.017120908756588893
1653,2017-01-24,0.022858749799132383
1654,2017-01-25,-0.0005498605710695381
1655,2017-01-26,-0.007702283176798885
1656,2017-01-27,0.0017425052473170055
1657,2017-01-30,-0.009171773077683354
1658,2017-01-31,0.005186928939073576
1659,2017-02-01,-0.010677569166038126
1660,2017-02-02,0.009268175252768351
1661,2017-02-03,-0.0008745776187636389
1662,2017-02-06,0.025623682011697735
1663,2017-02-07,-0.0011250339449895286
1664,2017-02-08,0.017865465278856574
1665,2017-02-09,0.027167277167277293
1666,2017-02-10,0.00011144130757800852
1667,2017-02-13,0.04223154923299788
1668,2017-02-14,0.0013542409123306065
1669,2017-02-15,-0.004341946045982037
1670,2017-02-16,-0.038640263082642234
1671,2017-02-17,0.012195575385759438
1672,2017-02-21,0.018954560481945215
1673,2017-02-22,-0.01398752658711555
1674,2017-02-23,-0.06405615882417459
1675,2017-02-24,0.003945466619789784
1676,2017-02-27,-0.041906614785992224
1677,2017-02-28,0.015270275758437313
1678,2017-03-01,0.00012000480019191961
1679,2017-03-02,0.0018398528117749002
1680,2017-03-03,0.004351644841903646
1681,2017-03-06,-0.001431013236872336
1682,2017-03-07,-0.010429521117789942
1683,2017-03-08,-0.006919023291363291
1684,2017-03-09,-0.00797990845384211
1685,2017-03-10,-0.004940792160065377
1686,2017-03-13,0.010176864048586198
1687,2017-03-14,0.04805622131047649
1688,2017-03-15,-0.00879844961240317
1689,2017-03-16,0.024713565088179124
1690,2017-03-17,-0.0020988360999809608
1691,2017-03-20,0.0016061185468452255
1692,2017-03-21,-0.04291386682956633
1693,2017-03-22,0.017273017392691825
1694,2017-03-23,-0.0009019254146895861
1695,2017-03-24,0.03289112175209996
1696,2017-03-27,0.026827785377717017
1697,2017-03-28,0.026755976611649634
1698,2017-03-29,-0.00025229771129930967
1699,2017-03-30,0.0019467878001298011
1700,2017-03-31,0.0013672999424294563
1701,2017-04-03,0.07265540783327329
1702,2017-04-04,0.01735227120460947
1703,2017-04-05,-0.02864669081330251
1704,2017-04-06,0.012542372881355845
1705,2017-04-07,0.012855708068296057
1706,2017-04-10,0.032557678323527295
1707,2017-04-11,-0.011780146611607312
1708,2017-04-12,-0.03845032554824923
1709,2017-04-13,0.02412073844495355
1710,2017-04-17,-0.008421052631578996
1711,2017-04-18,-0.003947717622080682
1712,2017-04-19,0.01755203996669441
1713,2017-04-20,-0.009852055511914037
1714,2017-04-21,0.010214538362368186
1715,2017-04-24,0.007951570680628128
1716,2017-04-25,0.018699477323637526
1717,2017-04-26,-0.011536377832308209
1718,2017-04-27,-0.004965019183028718
1719,2017-04-28,0.017626283899815354
1720,2017-05-01,0.027891871238895805
1721,2017-05-02,-0.012204565870582051
1722,2017-05-03,-0.024679356517921525
1723,2017-05-04,-0.0500289370458491
1724,2017-05-05,0.04362688688824212
1725,2017-05-08,-0.003761958813037203
1726,2017-05-09,0.04580227220938182
1727,2017-05-10,0.012326464545850735
1728,2017-05-11,-0.006518664288789111
1729,2017-05-12,0.005292479108635062
1730,2017-05-15,-0.027492995905298523
1731,2017-05-16,0.0035773078384195856
1732,2017-05-17,-0.03438377338254306
1733,2017-05-18,0.022704256639769937
1734,2017-05-19,-0.007123235162588726
1735,2017-05-22,-0.0015442524852812278
1736,2017-05-23,-0.02091187369099412
1737,2017-05-24,0.020930691765944864
1738,2017-05-25,0.021307459222487113
1739,2017-05-26,0.026228576839314455
1740,2017-05-30,0.030632958110352604
1741,2017-05-31,0.017636526410026665
1742,2017-06-01,-0.001876777807102381
1743,2017-06-02,-0.0015277492140904902
1744,2017-06-05,0.02198028542003816
1745,2017-06-06,0.01592191638834506
1746,2017-06-07,0.01927164517500346
1747,2017-06-08,0.028777978590296183
1748,2017-06-09,-0.0342702702702703
1749,2017-06-12,0.0047296540915706675
1750,2017-06-13,0.04718531517227942
1751,2017-06-14,0.01252826173693311
1752,2017-06-15,-0.013975726369989117
1753,2017-06-16,-0.010497149251345483
1754,2017-06-19,-0.004308023694130192
1755,2017-06-20,0.006598161168199113
1756,2017-06-21,0.011175585643670605
1757,2017-06-22,0.016498405951115958
1758,2017-06-23,0.0021954470609759635
1759,2017-06-26,-0.015543095579606203
1760,2017-06-27,-0.040054041166653453
1761,2017-06-28,0.024477743742583602
1762,2017-06-29,-0.028256653377868757
1763,2017-06-30,0.0023839223839223767
1764,2017-07-03,-0.024861038135007396
1765,2017-07-05,-0.07240088480517282
1766,2017-07-06,-0.05582561374545225
1767,2017-07-07,0.014214940258394648
1768,2017-07-10,0.009035182938509578
1769,2017-07-11,0.03534250909666192
1770,2017-07-12,0.0070289102133120895
1771,2017-07-13,-0.018542121874241202
1772,2017-07-14,0.013512259979592267
1773,2017-07-17,-0.025047287814997765
1774,2017-07-18,0.027130206214600827
1775,2017-07-19,-0.009078722885693447
1776,2017-07-20,0.01432699993851072
1777,2017-07-21,-0.004607177497575332
1778,2017-07-24,0.042996345919610324
1779,2017-07-25,-0.008525049632138182
1780,2017-07-26,0.012514723203769229
1781,2017-07-27,-0.02730841936891104
1782,2017-07-28,0.0018238354362256626
1783,2017-07-31,-0.03461963171874527
1784,2017-08-01,-0.012056759514019966
1785,2017-08-02,0.019776574772350397
1786,2017-08-03,0.0650526251189052
1787,2017-08-04,0.028292373735918863
1788,2017-08-07,-0.00487517861645792
1789,2017-08-08,0.028296308809865778
1790,2017-08-09,-0.0046273478998960504
1791,2017-08-10,-0.022364041482133556
1792,2017-08-11,0.006949915588069899
1793,2017-08-14,0.016570262944644698
1794,2017-08-15,-0.004040681693238124
1795,2017-08-16,0.0016007506968787055
1796,2017-08-17,-0.030282990273070465
1797,2017-08-18,-0.012673334848829376
1798,2017-08-21,-0.027629079606285467
1799,2017-08-22,0.010329722370212568
1800,2017-08-23,0.03345539768565975
1801,2017-08-24,0.0004535533066871711
1802,2017-08-25,-0.013827104524976597
1803,2017-08-28,-0.006866829478523129
1804,2017-08-29,0.004918127639877312
1805,2017-08-30,0.01675495163519103
1806,2017-08-31,0.007701455348547492
1807,2017-09-01,-0.001404889013767896
1808,2017-09-05,-0.01634777715250424
1809,2017-09-06,-0.014474098229354415
1810,2017-09-07,0.01764722955910969
1811,2017-09-08,-0.02056415960754121
1812,2017-09-11,0.05908561444379745
1813,2017-09-12,-0.002584618768731617
1814,2017-09-13,0.009593383873190975
1815,2017-09-14,0.031155284930235005
1816,2017-09-15,0.005746213324859806
1817,2017-09-18,0.013664727100392238
1818,2017-09-19,-0.02571428571428569
1819,2017-09-20,-0.0031724873367101614
1820,2017-09-21,-0.019871091974004496
1821,2017-09-22,-0.04199410609037335
1822,2017-09-25,-0.017374462388561218
1823,2017-09-26,0.0007536450331893096
1824,2017-09-27,-0.012396813902968762
1825,2017-09-28,-0.004017948793148984
1826,2017-09-29,0.004416961130742081
1827,2017-10-02,0.0012606273819992797
1828,2017-10-03,0.01935408309665343
1829,2017-10-04,0.019733440569885685
1830,2017-10-05,0.0009013830596320549
1831,2017-10-06,0.004362142233979682
1832,2017-10-09,-0.03906074871105136
1833,2017-10-10,0.03688691899457619
1834,2017-10-11,-0.0027841052897998875
1835,2017-10-12,0.003045685279187804
1836,2017-10-13,-0.0003092667566352292
1837,2017-10-16,-0.013977557161740206
1838,2017-10-17,0.014689104392469954
1839,2017-10-18,0.010962754743499614
1840,2017-10-19,-0.021798971222021346
1841,2017-10-20,-0.019072794974560048
1842,2017-10-23,-0.02341350333236758
1843,2017-10-24,0.0009494985460802852
1844,2017-10-25,-0.03409023537084244
1845,2017-10-26,0.001012767002209758
1846,2017-10-27,-0.016249195204954492
1847,2017-10-30,-0.002462056284476599
1848,2017-10-31,0.03577230692326916
1849,2017-11-01,-0.03152052604590838
1850,2017-11-02,-0.06795814127320288
1851,2017-11-03,0.022822963309496735
1852,2017-11-06,-0.010813812930837385
1853,2017-11-07,0.010799920734526847
1854,2017-11-08,-0.005423950334912719
1855,2017-11-09,-0.004599362659745698
1856,2017-11-10,0.0
1857,2017-11-13,0.04095844747351385
1858,2017-11-14,-0.021242866201648614
1859,2017-11-15,0.00842241658568188
1860,2017-11-16,0.003854802441374927
1861,2017-11-17,0.008159999999999945
1862,2017-11-20,-0.020028566894143784
1863,2017-11-21,0.029377469715618387
1864,2017-11-22,-0.016393442622950727
1865,2017-11-24,0.009436980166346753
1866,2017-11-27,0.003993028046268332
1867,2017-11-28,0.0023357848552760796
1868,2017-11-29,-0.03152259486695008
1869,2017-11-30,0.004259608506210544
1870,2017-12-01,-0.007511737089202053
1871,2017-12-04,-0.004338890157570163
1872,2017-12-05,-0.004914809960681499
1873,2017-12-06,0.031478432663812894
1874,2017-12-07,-0.00644831769137455
1875,2017-12-08,0.012498393522683449
1876,2017-12-11,0.043727985275918035
1877,2017-12-12,0.03684898604481446
1878,2017-12-13,-0.005864586693252849
1879,2017-12-14,-0.003362534289000907
1880,2017-12-15,0.016455059338838174
1881,2017-12-18,-0.013335274421313104
1882,2017-12-19,-0.0229291468704812
1883,2017-12-20,-0.00640289942615524
1884,2017-12-21,0.008146391877925652
1885,2017-12-22,-0.01947777844780807
1886,2017-12-26,-0.024323493234932214
1887,2017-12-27,-0.017807053484194424
1888,2017-12-28,0.011936850211782923
1889,2017-12-29,-0.012715626585489526
1890,2018-01-02,0.02948450297093297
1891,2018-01-03,-0.010233051508439117
1892,2018-01-04,-0.008289992119779321
1893,2018-01-05,0.006229737461064033
1894,2018-01-08,0.06263819571672258
1895,2018-01-09,-0.008085372016289782
1896,2018-01-10,0.0033264407084419023
1897,2018-01-11,0.009408602150537515
1898,2018-01-12,-0.005119100458647607
1899,2018-01-16,0.011421093331746901
1900,2018-01-17,0.02087866847026998
1901,2018-01-18,-0.007460536928217576
1902,2018-01-19,0.015816815160925257
1903,2018-01-22,0.004399748585795171
1904,2018-01-23,0.0034986915462511536
1905,2018-01-24,-0.01955837750503142
1906,2018-01-25,-0.023851513486946696
1907,2018-01-26,0.015430636180547408
1908,2018-01-29,0.019483739244567477
1909,2018-01-30,-0.010614253426029174
1910,2018-01-31,0.0245503441096524
1911,2018-02-01,-0.014281279105867739
1912,2018-02-02,-0.015748031496062964
1913,2018-02-05,-0.030894545454545508
1914,2018-02-06,0.0025215381382643898
1915,2018-02-07,0.03302691858550166
1916,2018-02-08,-0.08628985507246367
1917,2018-02-09,-0.015258699996827718
1918,2018-02-12,0.017105856581405954
1919,2018-02-13,0.025116396921420314
1920,2018-02-14,-0.004171043687820619
1921,2018-02-15,0.036486612267692564
1922,2018-02-16,0.004250606160385528
1923,2018-02-20,-0.0021461146382903973
1924,2018-02-21,-0.004391074469038303
1925,2018-02-22,0.03861386138613865
1926,2018-02-23,0.01698587399254703
1927,2018-02-26,0.015253515125692285
1928,2018-02-27,-0.017990039729170237
1929,2018-02-28,-0.022593236274537798
1930,2018-03-01,-0.03535824637089724
1931,2018-03-02,0.01266128788565557
1932,2018-03-05,-0.005281690140845008
1933,2018-03-06,-0.015449227538623211
1934,2018-03-07,0.012492382693479742
1935,2018-03-08,-0.009629852542882955
1936,2018-03-09,-0.0058644788817988625
1937,2018-03-12,0.056056484396491024
1938,2018-03-13,-0.010621979103354495
1939,2018-03-14,-0.04449450035104141
1940,2018-03-15,-0.003153415179254715
1941,2018-03-16,-0.013052825552825498
1942,2018-03-19,-0.024241481250972474
1943,2018-03-20,-0.00959943870391633
1944,2018-03-21,0.019256158428594405
1945,2018-03-22,-0.023473288471866693
1946,2018-03-23,-0.02445810417340666
1947,2018-03-26,0.008755057372156205
1948,2018-03-27,-0.08218817805246892
1949,2018-03-28,-0.07665305537645972
1950,2018-03-29,0.03239196213825757
1951,2018-04-02,-0.05129072257919065
1952,2018-04-03,0.05960868187579216
1953,2018-04-04,0.07255261092213972
1954,2018-04-05,0.06544922283404198
1955,2018-04-06,-0.020999607483972338
1956,2018-04-09,-0.032208486468426334
1957,2018-04-10,0.05192294414140708
1958,2018-04-11,-0.012372825730226356
1959,2018-04-12,-0.022762768750207774
1960,2018-04-13,0.02128672470076176
1961,2018-04-16,-0.03039888126789636
1962,2018-04-17,-0.012087496995295433
1963,2018-04-18,0.019673954603913968
1964,2018-04-19,0.022941878302369156
1965,2018-04-20,-0.03279125566515584
1966,2018-04-23,-0.02367006615214995
1967,2018-04-24,0.00031760595687613247
1968,2018-04-25,-0.009772101883863571
1969,2018-04-26,0.017065089600627026
1970,2018-04-27,0.030124702255849733
1971,2018-04-30,-0.0006120783460282775
1972,2018-05-01,0.020483157536577146
1973,2018-05-02,0.004101093624966579
1974,2018-05-03,-0.05545409264486134
1975,2018-05-04,0.03388996308665848
1976,2018-05-07,0.029514774388792464
1977,2018-05-08,-0.0026422697096805114
1978,2018-05-09,0.016160545749577704
1979,2018-05-10,-0.005963825973602899
1980,2018-05-11,-0.012982755229165255
1981,2018-05-14,-0.03019331694678795
1982,2018-05-15,-0.026680823372264295
1983,2018-05-16,0.008093461890351206
1984,2018-05-17,-0.006771851438145737
1985,2018-05-18,-0.02713151050818874
1986,2018-05-21,0.027707535582689236
1987,2018-05-22,-0.0333227881472109
1988,2018-05-23,0.014763099523653622
1989,2018-05-24,-0.004371663023614025
1990,2018-05-25,0.0035990642432968123
1991,2018-05-29,0.017608032992648237
1992,2018-05-30,0.028051874823794787
1993,2018-05-31,-0.023961332784862233
1994,2018-06-01,0.024900783198117393
1995,2018-06-04,0.016859708039202337
1996,2018-06-05,-0.018905439104940358
1997,2018-06-06,0.09744787551952738
1998,2018-06-07,-0.010672926447574449
1999,2018-06-08,0.0049669397956280115
2000,2018-06-11,0.045457407290814045
2001,2018-06-12,0.03212887684432397
2002,2018-06-13,0.005863990430901245
2003,2018-06-14,0.03753117930274397
2004,2018-06-15,0.001257967125125825
2005,2018-06-18,0.03534634391490066
2006,2018-06-19,-0.049294825122023544
2007,2018-06-20,0.027428733512977033
2008,2018-06-21,-0.040610678593120286
2009,2018-06-22,-0.03994129665333368
2010,2018-06-25,-0.0018583460719959755
2011,2018-06-26,0.026996186300711766
2012,2018-06-27,0.007309941520467822
2013,2018-06-28,0.015761973875181523
2014,2018-06-29,-0.01994684651215961
2015,2018-07-02,-0.02297711036594252
2016,2018-07-03,-0.0722535589578297
2017,2018-07-05,-0.005468699736215665
2018,2018-07-06,-0.0008409884849270854
2019,2018-07-09,0.031110391712528385
2020,2018-07-10,0.012432890647075645
2021,2018-07-11,-0.0108847334635781
2022,2018-07-12,-0.007054176072234797
2023,2018-07-13,0.006820119352088705
2024,2018-07-16,-0.027503371279831823
2025,2018-07-17,0.040599806514027614
2026,2018-07-18,0.0035947813691159514
2027,2018-07-19,-0.011178014512891798
2028,2018-07-20,-0.020766324204478104
2029,2018-07-23,-0.033101600867402214
2030,2018-07-24,-0.019030343007915507
2031,2018-07-25,0.03802575395891461
2032,2018-07-26,-0.006769450022672929
2033,2018-07-27,-0.030882113158323676
2034,2018-07-30,-0.02358839760414555
2035,2018-07-31,0.027466657476651557
2036,2018-08-01,0.009056148118333551
2037,2018-08-02,0.16188006913974218
2038,2018-08-03,-0.003919436974309076
2039,2018-08-06,-0.017749949737197346
2040,2018-08-07,0.10988625398403462
2041,2018-08-08,-0.024316990278473005
2042,2018-08-09,-0.04830696117081601
2043,2018-08-10,0.008625336927223781
2044,2018-08-13,0.0025879771582886235
2045,2018-08-14,-0.024606492522656565
2046,2018-08-15,-0.02574502358761932
2047,2018-08-16,-0.009566270040449965
2048,2018-08-17,-0.08928305261588909
2049,2018-08-20,0.009623567921440257
2050,2018-08-21,0.04363895733367906
2051,2018-08-22,-0.0008077042559800907
2052,2018-08-23,-0.004787961696306353
2053,2018-08-24,0.008497344579818655
2054,2018-08-27,-0.010996840344464465
2055,2018-08-28,-0.023209195978325492
2056,2018-08-29,-0.021964984287821565
2057,2018-08-30,-0.006098160716042189
2058,2018-08-31,-0.004915058551871798
2059,2018-09-04,-0.04213352781276947
2060,2018-09-05,-0.028413220280325224
2061,2018-09-06,0.0007480230818550648
2062,2018-09-07,-0.06303612742480857
2063,2018-09-10,0.08456161677556606
2064,2018-09-11,-0.021225919439579743
2065,2018-09-12,0.03972230174634994
2066,2018-09-13,-0.0037172162180768575
2067,2018-09-14,0.019830028328611915
2068,2018-09-17,-0.0012195121951219523
2069,2018-09-18,-0.033509700176366786
2070,2018-09-19,0.04934025828186406
2071,2018-09-20,-0.002307537957327299
2072,2018-09-21,0.0025810344249657113
2073,2018-09-24,0.0019391507856902912
2074,2018-09-25,0.004371329418045855
2075,2018-09-26,0.028539154124721744
2076,2018-09-27,-0.0066541766263971125
2077,2018-09-28,-0.13901534859521336
2078,2018-10-01,0.17347131472598853
2079,2018-10-02,-0.031155455423237832
2080,2018-10-03,-0.020663078865191586
2081,2018-10-04,-0.043995929443690684
2082,2018-10-05,-0.07053897739772197
2083,2018-10-08,-0.043481580454285074
2084,2018-10-09,0.04885057471264376
2085,2018-10-10,-0.022526636225266405
2086,2018-10-11,-0.01810183743382121
2087,2018-10-12,0.02596836220909471
2088,2018-10-15,0.0031300718757245605
2089,2018-10-16,0.06548788474132294
2090,2018-10-17,-0.017390361184424608
2091,2018-10-18,-0.028957244830377316
2092,2018-10-19,-0.01481565685271502
2093,2018-10-22,0.0036538461538460076
2094,2018-10-23,0.1271891166890209
2095,2018-10-24,-0.019174542734752165
2096,2018-10-25,0.09136915077989616
2097,2018-10-26,0.05094327637680229
2098,2018-10-29,0.011937141130250906
2099,2018-10-30,-0.014782738539644735
2100,2018-10-31,0.022491664140648737
2101,2018-11-01,0.020633226609747313
2102,2018-11-02,0.006186824677588243
2103,2018-11-05,-0.014462630986403546
2104,2018-11-06,-0.0009958992384299092
2105,2018-11-07,0.02081745147481384
2106,2018-11-08,0.00930606617647034
2107,2018-11-09,-0.0025327262379054583
2108,2018-11-12,-0.054862914039542465
2109,2018-11-13,0.022488529340739083
2110,2018-11-14,0.015558114132199652
2111,2018-11-15,0.01290697674418606
2112,2018-11-16,0.01684651589943753
2113,2018-11-19,-0.0023708052270610125
2114,2018-11-20,-0.016917984553144638
2115,2018-11-21,-0.026763360096693445
2116,2018-11-23,-0.0365475028829948
2117,2018-11-26,0.06190344658257385
2118,2018-11-27,-0.0060115606936416155
2119,2018-11-28,0.011485229123051832
2120,2018-11-29,-0.019260068416362408
2121,2018-11-30,0.027288448574024793
2122,2018-12-03,0.022854371148139707
2123,2018-12-04,0.003375268487265881
2124,2018-12-06,0.009341117597998272
2125,2018-12-07,-0.014019721258194173
2126,2018-12-10,0.020057546721792274
2127,2018-12-11,0.00440914692592087
2128,2018-12-12,-0.0004362525902497083
2129,2018-12-13,0.027795962902345872
2130,2018-12-14,-0.029406300591841683
2131,2018-12-17,-0.04727789778786462
2132,2018-12-18,-0.03269043108891578
2133,2018-12-19,-0.012046405364507407
2134,2018-12-20,-0.052827582064450374
2135,2018-12-21,0.013919715898281337
2136,2018-12-24,-0.0762422991525159
2137,2018-12-26,0.10393039710213614
2138,2018-12-27,-0.03054371492532726
2139,2018-12-28,0.05611615474646503
2140,2018-12-31,-0.003204840207266302
2141,2019-01-02,-0.06814903846153852
2142,2019-01-03,-0.031471688378692075
2143,2019-01-04,0.05769742975096537
2144,2019-01-07,0.05436116969372651
2145,2019-01-08,0.0011643181275378112
2146,2019-01-09,0.00948263008796757
2147,2019-01-10,0.019023424807255163
2148,2019-01-11,0.006638258399281005
2149,2019-01-14,-0.03703277083453327
2150,2019-01-15,0.02999401913875599
2151,2019-01-16,0.004703423046772848
2152,2019-01-17,0.003641092327698381
2153,2019-01-18,-0.12971120900636324
2154,2019-01-22,-0.011050089327069301
2155,2019-01-23,-0.0379031178910747
2156,2019-01-24,0.013630515664661447
2157,2019-01-25,0.01897018970189701
2158,2019-01-28,-0.0022219229733370094
2159,2019-01-29,0.0036439705783115617
2160,2019-01-30,0.0380219189134674
2161,2019-01-31,-0.005667649059170277
2162,2019-02-01,0.016904436193081906
2163,2019-02-04,0.0021780212036770497
2164,2019-02-05,0.027038256256192383
2165,2019-02-06,-0.012852030496343536
2166,2019-02-07,-0.030609671521341753
2167,2019-02-08,-0.005560794770901656
2168,2019-02-11,0.02302158273381294
2169,2019-02-12,-0.003292417849379836
2170,2019-02-13,-0.011673775696738331
2171,2019-02-14,-0.014277833663237982
2172,2019-02-15,0.013529973335089096
2173,2019-02-19,-0.007275561907236661
2174,2019-02-20,-0.010077215024211439
2175,2019-02-21,-0.03744711792702271
2176,2019-02-22,0.01194931840813096
2177,2019-02-25,0.013776254623188988
2178,2019-02-26,-0.0030458212002543172
2179,2019-02-27,0.05667091922379641
2180,2019-02-28,0.016330939823346213
2181,2019-03-01,-0.07843566337376506
2182,2019-03-04,-0.03198887343532686
2183,2019-03-05,-0.030908326324642577
2184,2019-03-06,-0.0010848340203949425
2185,2019-03-07,0.0012670141905588572
2186,2019-03-08,0.027296720778047012
2187,2019-03-11,0.02386147673681993
2188,2019-03-12,-0.025986525505293567
2189,2019-03-13,0.019762845849802257
2190,2019-03-14,0.0034606866002215853
2191,2019-03-15,-0.05011036004966196
2192,2019-03-18,-0.021566278183204446
2193,2019-03-19,-0.007495639912427077
2194,2019-03-20,0.022918458144838727
2195,2019-03-21,0.0015350877192981116
2196,2019-03-22,-0.03463250857601641
2197,2019-03-25,-0.015536990133444006
2198,2019-03-26,0.02822363873742395
2199,2019-03-27,0.02636591104305941
2200,2019-03-28,0.013790343121202309
2201,2019-03-29,0.004450506065609039
2202,2019-04-01,0.03330236546844856
2203,2019-04-02,-0.011411577564146902
2204,2019-04-03,0.020742969077934825
2205,2019-04-04,-0.08234810321784736
2206,2019-04-05,0.026813055493315474
2207,2019-04-08,-0.0064009310445155565
2208,2019-04-09,-0.0032576866764274515
2209,2019-04-10,0.013771069736697061
2210,2019-04-11,-0.02767514308483654
2211,2019-04-12,-0.002682363460248971
2212,2019-04-15,-0.004930892790437014
2213,2019-04-16,0.026203168406036648
2214,2019-04-17,-0.007791922739244894
2215,2019-04-18,0.00748442281458539
2216,2019-04-22,-0.038461538461538436
2217,2019-04-23,0.004376784015223567
2218,2019-04-24,-0.019856006062902387
2219,2019-04-25,-0.042642851619887234
2220,2019-04-26,-0.05043815369704807
2221,2019-04-29,0.02692013268690996
2222,2019-04-30,-0.011512817327204217
2223,2019-05-01,-0.019607021659893586
2224,2019-05-02,0.043117815477971
2225,2019-05-03,0.044776730848013147
2226,2019-05-06,0.0012155432694191948
2227,2019-05-07,-0.03242735176627243
2228,2019-05-08,-0.008985671496802405
2229,2019-05-09,-0.01168109785982685
2230,2019-05-10,-0.010166129432184423
2231,2019-05-13,-0.0522294589178357
2232,2019-05-14,0.023346989119422012
2233,2019-05-15,-0.0015496534802634798
2234,2019-05-16,-0.015606811812890586
2235,2019-05-17,-0.0757675294529847
2236,2019-05-20,-0.026868217788939885
2237,2019-05-21,-0.0013634592910011234
2238,2019-05-22,-0.060220401794421785
2239,2019-05-23,0.014320552067659476
2240,2019-05-24,-0.02486060668064871
2241,2019-05-28,-0.010124324607879154
2242,2019-05-29,0.006147323794382764
2243,2019-05-30,-0.008637943748024957
2244,2019-05-31,-0.01625757092763791
2245,2019-06-03,-0.03343054655433142
2246,2019-06-04,0.08174554394591271
2247,2019-06-05,0.015444214876033202
2248,2019-06-06,0.047611780863726416
2249,2019-06-07,-0.007040543821315803
2250,2019-06-10,0.04097799511002442
2251,2019-06-11,0.01982337467117623
2252,2019-06-12,-0.03611239060340854
2253,2019-06-13,0.022221160279078722
2254,2019-06-14,0.00472161189285214
2255,2019-06-17,0.04704075935231722
2256,2019-06-18,-0.0012887170599474862
2257,2019-06-19,0.0075198006585388555
2258,2019-06-20,-0.030075520028264857
2259,2019-06-21,0.010199435388398292
2260,2019-06-24,0.008023077616514884
2261,2019-06-25,-0.01734931139331064
2262,2019-06-26,-0.0022297051328721285
2263,2019-06-27,0.016281297031057518
2264,2019-06-28,0.002782265302459175
2265,2019-07-01,0.016602523941644964
2266,2019-07-02,-0.011533213012281496
2267,2019-07-03,0.04609218436873741
2268,2019-07-05,-0.00766283524904221
2269,2019-07-08,-0.011840411840411846
2270,2019-07-09,-0.0012155943388034718
2271,2019-07-10,0.03851169260192977
2272,2019-07-11,-0.0013393604553825211
2273,2019-07-12,0.02715842414082159
2274,2019-07-15,0.03435612861106563
2275,2019-07-16,-0.0044181459566075
2276,2019-07-17,0.009826452175291323
2277,2019-07-18,-0.0051793141332496795
2278,2019-07-19,0.018300859824879723
2279,2019-07-22,-0.009683166782864627
2280,2019-07-23,0.017561013767209088
2281,2019-07-24,0.01810354768036282
2282,2019-07-25,-0.13613711869525824
2283,2019-07-26,-0.0034087929376802606
2284,2019-07-29,0.033897561831257805
2285,2019-07-30,0.027526826992407827
2286,2019-07-31,-0.0026830677784197565
2287,2019-08-01,-0.03211787591573201
2288,2019-08-02,0.002095360273679736
2289,2019-08-05,-0.025689169582657767
2290,2019-08-06,0.010642957252978258
2291,2019-08-07,0.011570964247020532
2292,2019-08-08,0.020906520435266973
2293,2019-08-09,-0.013806126731011448
2294,2019-08-12,-0.025530828475384015
2295,2019-08-13,0.02615606305401519
2296,2019-08-14,-0.06544680851063833
2297,2019-08-15,-0.018122211091886054
2298,2019-08-16,0.019940641810424875
2299,2019-08-19,0.031326725470582906
2300,2019-08-20,-0.004276330291407615
2301,2019-08-21,-0.022270433011600144
2302,2019-08-22,0.005977448716206979
2303,2019-08-23,-0.04839072698627056
2304,2019-08-26,0.017029328287606393
2305,2019-08-27,-0.0042790697674418565
2306,2019-08-28,0.007053437967114995
2307,2019-08-29,0.028387216475717736
2308,2019-08-30,0.017590546209011793
2309,2019-09-03,-0.002659456584371389
2310,2019-09-04,-0.019243589173814413
2311,2019-09-05,0.04032988943266269
2312,2019-09-06,-0.00927781165606767
2313,2019-09-09,0.01908111672895152
2314,2019-09-10,0.01617843737866176
2315,2019-09-11,0.049078712745181274
2316,2019-09-12,-0.0049777418049372635
2317,2019-09-13,-0.0027250172855575183
2318,2019-09-16,-0.009747145187601891
2319,2019-09-17,0.008154524113504369
2320,2019-09-18,-0.005310674455655806
2321,2019-09-19,0.012772598464002582
2322,2019-09-20,-0.024249797242497984
2323,2019-09-23,0.0025351176128334263
2324,2019-09-24,-0.07470049330514439
2325,2019-09-25,0.02459567223690695
2326,2019-09-26,0.060603410581547834
2327,2019-09-27,-0.00177275725593673
2328,2019-09-30,-0.005203816131829964
2329,2019-10-01,0.015859177149499804
2330,2019-10-02,-0.006375413788875739
2331,2019-10-03,-0.041541562127257015
2332,2019-10-04,-0.006866068746513299
2333,2019-10-07,0.02717884457503339
2334,2019-10-08,0.009801447080599157
2335,2019-10-09,0.018662778587794193
2336,2019-10-10,0.0008587903324746016
2337,2019-10-11,0.012870801667075105
2338,2019-10-14,0.03658880955262411
2339,2019-10-15,0.003619240348692321
2340,2019-10-16,0.007212377370196643
2341,2019-10-17,0.008546679499518817
2342,2019-10-18,-0.01916249952284632
2343,2019-10-21,-0.013426736719206023
2344,2019-10-22,0.00820512820512831
2345,2019-10-23,-0.0035214023006495676
2346,2019-10-24,0.17669231977383393
2347,2019-10-25,0.09493459690336348
2348,2019-10-28,-0.0012799804955353489
2349,2019-10-29,-0.03506148729059211
2350,2019-10-30,-0.003826449939915322
2351,2019-10-31,-0.00028570521570736584
2352,2019-11-01,-0.005112409500825699
2353,2019-11-04,0.013277584500973605
2354,2019-11-05,-0.0007874759819825883
2355,2019-11-06,0.029506336296576396
2356,2019-11-07,0.027435850327637956
2357,2019-11-08,0.004768432973713876
2358,2019-11-11,0.023580708311087273
2359,2019-11-12,0.014025326726361254
2360,2019-11-13,-0.010916469008087293
2361,2019-11-14,0.009361185750194956
2362,2019-11-15,0.008072133963074268
2363,2019-11-18,-0.0061901922367039175
2364,2019-11-19,0.027229349409983117
2365,2019-11-20,-0.020304850912327477
2366,2019-11-21,0.007410141388904501
2367,2019-11-22,-0.06140968914691536
2368,2019-11-25,0.009908719673312305
2369,2019-11-26,-0.022061009692572853
2370,2019-11-27,0.007205399489237596
2371,2019-11-29,-0.004074979625101949
2372,2019-12-02,0.014942110686791521
2373,2019-12-03,0.003971690506763714
2374,2019-12-04,-0.009428911362284409
2375,2019-12-05,-0.007987268414256898
2376,2019-12-06,0.016708538910918058
2377,2019-12-09,0.010836881121795816
2378,2019-12-10,0.027420257414661364
2379,2019-12-11,0.01106524481137483
2380,2019-12-12,0.019790189963141636
2381,2019-12-13,-0.003586521352313188
2382,2019-12-16,0.06448282597170674
2383,2019-12-17,-0.006579292267365644
2384,2019-12-18,0.037362463389535305
2385,2019-12-19,0.02769935139259827
2386,2019-12-20,0.0038362538362537446
2387,2019-12-23,0.03360536502379263
2388,2019-12-24,0.01438385573207368
2389,2019-12-26,0.013380364491475616
2390,2019-12-27,-0.0012994848470785358
2391,2019-12-30,-0.03643291974534135
2392,2019-12-31,0.008753315649867366
2393,2020-01-02,0.02851815552315151
2394,2020-01-03,0.029633245014642373
2395,2020-01-06,0.019254644364687046
2396,2020-01-07,0.038800549231518655
2397,2020-01-08,0.04920479256385102
2398,2020-01-09,-0.02194497500711179
2399,2020-01-10,-0.006627332031412303
2400,2020-01-13,0.09768900972498185
2401,2020-01-14,0.024882825896429317
2402,2020-01-15,-0.03610202260559181
2403,2020-01-16,-0.009662487945998
2404,2020-01-17,-0.005822898206391591
2405,2020-01-21,0.07189030362389826
2406,2020-01-22,0.04086257309941499
2407,2020-01-23,0.004635156963270104
2408,2020-01-24,-0.01289758825585463
2409,2020-01-27,-0.012039233738182165
2410,2020-01-28,0.015913408121572603
2411,2020-01-29,0.024854471688128488
2412,2020-01-30,0.10296218523554601
2413,2020-01-31,0.015230723615424324
2414,2020-02-03,0.19894861429208222
2415,2020-02-04,0.13725641025641022
2416,2020-02-05,-0.17175839289337802
2417,2020-02-06,0.01940928270042197
2418,2020-02-07,-0.001188314462721607
2419,2020-02-10,0.031026508214471837
2420,2020-02-11,0.004019292604501734
2421,2020-02-12,-0.00915571166610707
2422,2020-02-13,0.04784370967952145
2423,2020-02-14,-0.00493781094527368
2424,2020-02-18,0.07295976400884974
2425,2020-02-19,0.06875582479030751
2426,2020-02-20,-0.019631139499901917
2427,2020-02-21,0.001767825574543247
2428,2020-02-24,-0.07459489456159829
2429,2020-02-25,-0.04063373271447246
2430,2020-02-26,-0.02639046892775443
2431,2020-02-27,-0.12814586543400097
2432,2020-02-28,-0.01621502209131076
2433,2020-03-02,0.11322025778829015
2434,2020-03-03,0.002541620720260429
2435,2020-03-04,0.005352040884763376
2436,2020-03-05,-0.033302201467645176
2437,2020-03-06,-0.029066718193612395
2438,2020-03-09,-0.1357252516063001
2439,2020-03-10,0.06139802631578961
2440,2020-03-11,-0.017200502068709045
2441,2020-03-12,-0.11617236649165141
2442,2020-03-13,-0.024850593167424773
2443,2020-03-16,-0.18577805422414106
2444,2020-03-17,-0.03341047475677983
2445,2020-03-18,-0.16034402603440256
2446,2020-03-19,0.18387686174630402
2447,2020-03-20,-0.0002572257038631065
2448,2020-03-23,0.01581175590017092
2449,2020-03-24,0.16281747219599807
2450,2020-03-25,0.06782178217821788
2451,2020-03-26,-0.020565600370885506
2452,2020-03-27,-0.02612844592547703
2453,2020-03-30,-0.02377712108251029
2454,2020-03-31,0.043554458008882246
2455,2020-04-01,-0.08099236641221375
2456,2020-04-02,-0.05625467231497627
2457,2020-04-03,0.05619732875657357
2458,2020-04-06,0.07547759421678712
2459,2020-04-07,0.05658220982488782
2460,2020-04-08,0.006215051792098247
2461,2020-04-09,0.04402011515195681
2462,2020-04-13,0.1360383944153578
2463,2020-04-14,0.09054458867808579
2464,2020-04-15,0.028088858837284736
2465,2020-04-16,0.021073400654947116
2466,2020-04-17,0.011647723460501025
2467,2020-04-20,-0.009988194564193642
2468,2020-04-21,-0.07990781928291979
2469,2020-04-22,0.06609680801491136
2470,2020-04-23,-0.03616942809140711
2471,2020-04-24,0.027663222935532694
2472,2020-04-27,0.10149624215679509
2473,2020-04-28,-0.03709546165884192
2474,2020-04-29,0.040812877054295704
2475,2020-04-30,-0.023272663676905947
2476,2020-05-01,-0.10303371361334213
2477,2020-05-04,0.0853675925397821
2478,2020-05-05,0.009222401765656363
2479,2020-05-06,0.018705822626625457
2480,2020-05-07,-0.0032456745636230133
2481,2020-05-08,0.05048459053381871
2482,2020-05-11,-0.009921651900124506
2483,2020-05-12,-0.0023172971440544865
2484,2020-05-13,-0.022794381092400506
2485,2020-05-14,0.01563922322241318
2486,2020-05-15,-0.005178444723837106
2487,2020-05-18,0.018093772288749532
2488,2020-05-19,-0.006907316593537605
2489,2020-05-20,0.009343943763072238
2490,2020-05-21,0.014762862327725834
2491,2020-05-22,-0.012953117448042617
2492,2020-05-26,0.002436098325335534
2493,2020-05-27,0.0016608252836225468
2494,2020-05-28,-0.017580434756105046
2495,2020-05-29,0.03622442014867033
2496,2020-06-01,0.07556886227544912
2497,2020-06-02,-0.018416657387818836
2498,2020-06-03,0.0015880938336585437
2499,2020-06-04,-0.021042855848509623
2500,2020-06-05,0.024618801915823996
2501,2020-06-08,0.07255605988754144
2502,2020-06-09,-0.009737662118915247
2503,2020-06-10,0.08970202089999679
2504,2020-06-11,-0.05093410077557181
2505,2020-06-12,-0.038608609843345354
2506,2020-06-15,0.05946882217090077
2507,2020-06-16,-0.008850539913210165
2508,2020-06-17,0.009835765122743423
2509,2020-06-18,0.012270742798374812
2510,2020-06-19,-0.003047930196422244
2511,2020-06-22,-0.006574083325007418
2512,2020-06-23,0.007502614852361367
2513,2020-06-24,-0.04085727405218709
2514,2020-06-25,0.02615392621116719
2515,2020-06-26,-0.026613115884703498
2516,2020-06-29,0.051691083001646376
2517,2020-06-30,0.0698073017288352
2518,2020-07-01,0.03687685796575346
2519,2020-07-02,0.07951734055000315
2520,2020-07-06,0.1347939039928514
2521,2020-07-07,0.013327695067002931
2522,2020-07-08,-0.017253536327399788
2523,2020-07-09,0.020792456145488414
2524,2020-07-10,0.10784777806466428
2525,2020-07-13,-0.030809568510665963
2526,2020-07-14,0.013185844254739232
2527,2020-07-15,0.01925764767932492
2528,2020-07-16,-0.029346511342099868
2529,2020-07-17,0.00013327646870653354
2530,2020-07-20,0.09472028997094961
2531,2020-07-21,-0.04542909312233723
2532,2020-07-22,0.015283480833482077
2533,2020-07-23,-0.04977611424767481
2534,2020-07-24,-0.06349342727038398
2535,2020-07-27,0.08652081863091032
2536,2020-07-28,-0.04099116653676271
2537,2020-07-29,0.01532011730523064
2538,2020-07-30,-0.0077512657510121485
2539,2020-07-31,-0.038138071516447214
2540,2020-08-03,0.03790992199949672
2541,2020-08-04,0.0013468013468014295
2542,2020-08-05,-0.0013315400134499278
2543,2020-08-06,0.0030706657149397465
2544,2020-08-07,-0.024751943500852525
2545,2020-08-10,-0.02350090520475534
2546,2020-08-11,-0.03114403941997912
2547,2020-08-12,0.13123640305881135
2548,2020-08-13,0.04260464637628969
2549,2020-08-14,0.0183281924737817
